year,building-type,benchmark-target,building-type-shorthand,unit,construction-delivery-type
2025,Commercial Resi - Student Residential,75.0,Stud. Resi.,kWh/m²GIA/yr,newbuild
2026,Commercial Resi - Student Residential,74.0,Stud. Resi.,kWh/m²GIA/yr,newbuild
2027,Commercial Resi - Student Residential,72.0,Stud. Resi.,kWh/m²GIA/yr,newbuild
2028,Commercial Resi - Student Residential,70.0,Stud. Resi.,kWh/m²GIA/yr,newbuild
2029,Commercial Resi - Student Residential,69.0,Stud. Resi.,kWh/m²GIA/yr,newbuild
2030,Commercial Resi - Student Residential,67.0,Stud. Resi.,kWh/m²GIA/yr,newbuild
2031,Commercial Resi - Student Residential,65.0,Stud. Resi.,kWh/m²GIA/yr,newbuild
2032,Commercial Resi - Student Residential,64.0,Stud. Resi.,kWh/m²GIA/yr,newbuild
2033,Commercial Resi - Student Residential,62.0,Stud. Resi.,kWh/m²GIA/yr,newbuild
2034,Commercial Resi - Student Residential,60.0,Stud. Resi.,kWh/m²GIA/yr,newbuild
2035,Commercial Resi - Student Residential,59.0,Stud. Resi.,kWh/m²GIA/yr,newbuild
2036,Commercial Resi - Student Residential,57.0,Stud. Resi.,kWh/m²GIA/yr,newbuild
2037,Commercial Resi - Student Residential,55.0,Stud. Resi.,kWh/m²GIA/yr,newbuild
2038,Commercial Resi - Student Residential,54.0,Stud. Resi.,kWh/m²GIA/yr,newbuild
2039,Commercial Resi - Student Residential,52.0,Stud. Resi.,kWh/m²GIA/yr,newbuild
2040,Commercial Resi - Student Residential,50.0,Stud. Resi.,kWh/m²GIA/yr,newbuild
2050,Commercial Resi - Student Residential,50.0,Stud. Resi.,kWh/m²GIA/yr,newbuild
2025,Commercial Resi - Care Home,150.0,Care Home,kWh/m²GIA/yr,newbuild
2026,Commercial Resi - Care Home,147.0,Care Home,kWh/m²GIA/yr,newbuild
2027,Commercial Resi - Care Home,144.0,Care Home,kWh/m²GIA/yr,newbuild
2028,Commercial Resi - Care Home,140.0,Care Home,kWh/m²GIA/yr,newbuild
2029,Commercial Resi - Care Home,137.0,Care Home,kWh/m²GIA/yr,newbuild
2030,Commercial Resi - Care Home,134.0,Care Home,kWh/m²GIA/yr,newbuild
2031,Commercial Resi - Care Home,130.0,Care Home,kWh/m²GIA/yr,newbuild
2032,Commercial Resi - Care Home,127.0,Care Home,kWh/m²GIA/yr,newbuild
2033,Commercial Resi - Care Home,124.0,Care Home,kWh/m²GIA/yr,newbuild
2034,Commercial Resi - Care Home,120.0,Care Home,kWh/m²GIA/yr,newbuild
2035,Commercial Resi - Care Home,117.0,Care Home,kWh/m²GIA/yr,newbuild
2036,Commercial Resi - Care Home,114.0,Care Home,kWh/m²GIA/yr,newbuild
2037,Commercial Resi - Care Home,110.0,Care Home,kWh/m²GIA/yr,newbuild
2038,Commercial Resi - Care Home,107.0,Care Home,kWh/m²GIA/yr,newbuild
2039,Commercial Resi - Care Home,104.0,Care Home,kWh/m²GIA/yr,newbuild
2040,Commercial Resi - Care Home,100.0,Care Home,kWh/m²GIA/yr,newbuild
2050,Commercial Resi - Care Home,100.0,Care Home,kWh/m²GIA/yr,newbuild
2025,Culture & Enterainment - Performance,80.0,C&E Perfor.,kWh/m²GIA/yr,newbuild
2026,Culture & Enterainment - Performance,79.0,C&E Perfor.,kWh/m²GIA/yr,newbuild
2027,Culture & Enterainment - Performance,77.0,C&E Perfor.,kWh/m²GIA/yr,newbuild
2028,Culture & Enterainment - Performance,75.0,C&E Perfor.,kWh/m²GIA/yr,newbuild
2029,Culture & Enterainment - Performance,74.0,C&E Perfor.,kWh/m²GIA/yr,newbuild
2030,Culture & Enterainment - Performance,72.0,C&E Perfor.,kWh/m²GIA/yr,newbuild
2031,Culture & Enterainment - Performance,70.0,C&E Perfor.,kWh/m²GIA/yr,newbuild
2032,Culture & Enterainment - Performance,69.0,C&E Perfor.,kWh/m²GIA/yr,newbuild
2033,Culture & Enterainment - Performance,67.0,C&E Perfor.,kWh/m²GIA/yr,newbuild
2034,Culture & Enterainment - Performance,65.0,C&E Perfor.,kWh/m²GIA/yr,newbuild
2035,Culture & Enterainment - Performance,64.0,C&E Perfor.,kWh/m²GIA/yr,newbuild
2036,Culture & Enterainment - Performance,62.0,C&E Perfor.,kWh/m²GIA/yr,newbuild
2037,Culture & Enterainment - Performance,60.0,C&E Perfor.,kWh/m²GIA/yr,newbuild
2038,Culture & Enterainment - Performance,59.0,C&E Perfor.,kWh/m²GIA/yr,newbuild
2039,Culture & Enterainment - Performance,57.0,C&E Perfor.,kWh/m²GIA/yr,newbuild
2040,Culture & Enterainment - Performance,55.0,C&E Perfor.,kWh/m²GIA/yr,newbuild
2050,Culture & Enterainment - Performance,55.0,C&E Perfor.,kWh/m²GIA/yr,newbuild
2025,Culture & Enterainment - Collection (e.g. museum),60.0,C&E Collec.,kWh/m²GIA/yr,newbuild
2026,Culture & Enterainment - Collection (e.g. museum),59.0,C&E Collec.,kWh/m²GIA/yr,newbuild
2027,Culture & Enterainment - Collection (e.g. museum),58.0,C&E Collec.,kWh/m²GIA/yr,newbuild
2028,Culture & Enterainment - Collection (e.g. museum),56.0,C&E Collec.,kWh/m²GIA/yr,newbuild
2029,Culture & Enterainment - Collection (e.g. museum),55.0,C&E Collec.,kWh/m²GIA/yr,newbuild
2030,Culture & Enterainment - Collection (e.g. museum),54.0,C&E Collec.,kWh/m²GIA/yr,newbuild
2031,Culture & Enterainment - Collection (e.g. museum),52.0,C&E Collec.,kWh/m²GIA/yr,newbuild
2032,Culture & Enterainment - Collection (e.g. museum),51.0,C&E Collec.,kWh/m²GIA/yr,newbuild
2033,Culture & Enterainment - Collection (e.g. museum),50.0,C&E Collec.,kWh/m²GIA/yr,newbuild
2034,Culture & Enterainment - Collection (e.g. museum),48.0,C&E Collec.,kWh/m²GIA/yr,newbuild
2035,Culture & Enterainment - Collection (e.g. museum),47.0,C&E Collec.,kWh/m²GIA/yr,newbuild
2036,Culture & Enterainment - Collection (e.g. museum),46.0,C&E Collec.,kWh/m²GIA/yr,newbuild
2037,Culture & Enterainment - Collection (e.g. museum),44.0,C&E Collec.,kWh/m²GIA/yr,newbuild
2038,Culture & Enterainment - Collection (e.g. museum),43.0,C&E Collec.,kWh/m²GIA/yr,newbuild
2039,Culture & Enterainment - Collection (e.g. museum),42.0,C&E Collec.,kWh/m²GIA/yr,newbuild
2040,Culture & Enterainment - Collection (e.g. museum),40.0,C&E Collec.,kWh/m²GIA/yr,newbuild
2050,Culture & Enterainment - Collection (e.g. museum),40.0,C&E Collec.,kWh/m²GIA/yr,newbuild
2025,Culture & Enterainment - Archive,5.0,C&E Arch.,kWh/m²GIA/yr,newbuild
2026,Culture & Enterainment - Archive,5.0,C&E Arch.,kWh/m²GIA/yr,newbuild
2027,Culture & Enterainment - Archive,5.0,C&E Arch.,kWh/m²GIA/yr,newbuild
2028,Culture & Enterainment - Archive,5.0,C&E Arch.,kWh/m²GIA/yr,newbuild
2029,Culture & Enterainment - Archive,5.0,C&E Arch.,kWh/m²GIA/yr,newbuild
2030,Culture & Enterainment - Archive,5.0,C&E Arch.,kWh/m²GIA/yr,newbuild
2031,Culture & Enterainment - Archive,5.0,C&E Arch.,kWh/m²GIA/yr,newbuild
2032,Culture & Enterainment - Archive,5.0,C&E Arch.,kWh/m²GIA/yr,newbuild
2033,Culture & Enterainment - Archive,5.0,C&E Arch.,kWh/m²GIA/yr,newbuild
2034,Culture & Enterainment - Archive,5.0,C&E Arch.,kWh/m²GIA/yr,newbuild
2035,Culture & Enterainment - Archive,5.0,C&E Arch.,kWh/m²GIA/yr,newbuild
2036,Culture & Enterainment - Archive,5.0,C&E Arch.,kWh/m²GIA/yr,newbuild
2037,Culture & Enterainment - Archive,5.0,C&E Arch.,kWh/m²GIA/yr,newbuild
2038,Culture & Enterainment - Archive,5.0,C&E Arch.,kWh/m²GIA/yr,newbuild
2039,Culture & Enterainment - Archive,5.0,C&E Arch.,kWh/m²GIA/yr,newbuild
2040,Culture & Enterainment - Archive,4.0,C&E Arch.,kWh/m²GIA/yr,newbuild
2050,Culture & Enterainment - Archive,4.0,C&E Arch.,kWh/m²GIA/yr,newbuild
2025,Data Centre - Low utilisation (d),1.4,Data Centre,PUE,newbuild
2026,Data Centre - Low utilisation (d),1.4,Data Centre,PUE,newbuild
2027,Data Centre - Low utilisation (d),1.39,Data Centre,PUE,newbuild
2028,Data Centre - Low utilisation (d),1.38,Data Centre,PUE,newbuild
2029,Data Centre - Low utilisation (d),1.38,Data Centre,PUE,newbuild
2030,Data Centre - Low utilisation (d),1.37,Data Centre,PUE,newbuild
2031,Data Centre - Low utilisation (d),1.36,Data Centre,PUE,newbuild
2032,Data Centre - Low utilisation (d),1.36,Data Centre,PUE,newbuild
2033,Data Centre - Low utilisation (d),1.35,Data Centre,PUE,newbuild
2034,Data Centre - Low utilisation (d),1.34,Data Centre,PUE,newbuild
2035,Data Centre - Low utilisation (d),1.34,Data Centre,PUE,newbuild
2036,Data Centre - Low utilisation (d),1.33,Data Centre,PUE,newbuild
2037,Data Centre - Low utilisation (d),1.32,Data Centre,PUE,newbuild
2038,Data Centre - Low utilisation (d),1.32,Data Centre,PUE,newbuild
2039,Data Centre - Low utilisation (d),1.31,Data Centre,PUE,newbuild
2040,Data Centre - Low utilisation (d),1.3,Data Centre,PUE,newbuild
2050,Data Centre - Low utilisation (d),1.3,Data Centre,PUE,newbuild
2025,Data Centre - High utilisation (d),1.2,Data Centre.1,PUE,newbuild
2026,Data Centre - High utilisation (d),1.2,Data Centre.1,PUE,newbuild
2027,Data Centre - High utilisation (d),1.19,Data Centre.1,PUE,newbuild
2028,Data Centre - High utilisation (d),1.18,Data Centre.1,PUE,newbuild
2029,Data Centre - High utilisation (d),1.18,Data Centre.1,PUE,newbuild
2030,Data Centre - High utilisation (d),1.17,Data Centre.1,PUE,newbuild
2031,Data Centre - High utilisation (d),1.16,Data Centre.1,PUE,newbuild
2032,Data Centre - High utilisation (d),1.16,Data Centre.1,PUE,newbuild
2033,Data Centre - High utilisation (d),1.15,Data Centre.1,PUE,newbuild
2034,Data Centre - High utilisation (d),1.14,Data Centre.1,PUE,newbuild
2035,Data Centre - High utilisation (d),1.14,Data Centre.1,PUE,newbuild
2036,Data Centre - High utilisation (d),1.13,Data Centre.1,PUE,newbuild
2037,Data Centre - High utilisation (d),1.12,Data Centre.1,PUE,newbuild
2038,Data Centre - High utilisation (d),1.12,Data Centre.1,PUE,newbuild
2039,Data Centre - High utilisation (d),1.11,Data Centre.1,PUE,newbuild
2040,Data Centre - High utilisation (d),1.1,Data Centre.1,PUE,newbuild
2050,Data Centre - High utilisation (d),1.1,Data Centre.1,PUE,newbuild
2025,Healthcare,,Health.,kWh/m²GIA/yr,newbuild
2026,Healthcare,,Health.,kWh/m²GIA/yr,newbuild
2027,Healthcare,,Health.,kWh/m²GIA/yr,newbuild
2028,Healthcare,,Health.,kWh/m²GIA/yr,newbuild
2029,Healthcare,,Health.,kWh/m²GIA/yr,newbuild
2030,Healthcare,,Health.,kWh/m²GIA/yr,newbuild
2031,Healthcare,,Health.,kWh/m²GIA/yr,newbuild
2032,Healthcare,,Health.,kWh/m²GIA/yr,newbuild
2033,Healthcare,,Health.,kWh/m²GIA/yr,newbuild
2034,Healthcare,,Health.,kWh/m²GIA/yr,newbuild
2035,Healthcare,,Health.,kWh/m²GIA/yr,newbuild
2036,Healthcare,,Health.,kWh/m²GIA/yr,newbuild
2037,Healthcare,,Health.,kWh/m²GIA/yr,newbuild
2038,Healthcare,,Health.,kWh/m²GIA/yr,newbuild
2039,Healthcare,,Health.,kWh/m²GIA/yr,newbuild
2040,Healthcare,,Health.,kWh/m²GIA/yr,newbuild
2050,Healthcare,,Health.,kWh/m²GIA/yr,newbuild
2025,Higher Education,100.0,High. Ed.,kWh/m²GIA/yr,newbuild
2026,Higher Education,98.0,High. Ed.,kWh/m²GIA/yr,newbuild
2027,Higher Education,95.0,High. Ed.,kWh/m²GIA/yr,newbuild
2028,Higher Education,92.0,High. Ed.,kWh/m²GIA/yr,newbuild
2029,Higher Education,90.0,High. Ed.,kWh/m²GIA/yr,newbuild
2030,Higher Education,87.0,High. Ed.,kWh/m²GIA/yr,newbuild
2031,Higher Education,84.0,High. Ed.,kWh/m²GIA/yr,newbuild
2032,Higher Education,82.0,High. Ed.,kWh/m²GIA/yr,newbuild
2033,Higher Education,79.0,High. Ed.,kWh/m²GIA/yr,newbuild
2034,Higher Education,76.0,High. Ed.,kWh/m²GIA/yr,newbuild
2035,Higher Education,74.0,High. Ed.,kWh/m²GIA/yr,newbuild
2036,Higher Education,71.0,High. Ed.,kWh/m²GIA/yr,newbuild
2037,Higher Education,68.0,High. Ed.,kWh/m²GIA/yr,newbuild
2038,Higher Education,66.0,High. Ed.,kWh/m²GIA/yr,newbuild
2039,Higher Education,63.0,High. Ed.,kWh/m²GIA/yr,newbuild
2040,Higher Education,60.0,High. Ed.,kWh/m²GIA/yr,newbuild
2050,Higher Education,60.0,High. Ed.,kWh/m²GIA/yr,newbuild
2025,Homes - Single family homes,45.0,Home S.F.,kWh/m²GIA/yr,newbuild
2026,Homes - Single family homes,45.0,Home S.F.,kWh/m²GIA/yr,newbuild
2027,Homes - Single family homes,44.0,Home S.F.,kWh/m²GIA/yr,newbuild
2028,Homes - Single family homes,43.0,Home S.F.,kWh/m²GIA/yr,newbuild
2029,Homes - Single family homes,43.0,Home S.F.,kWh/m²GIA/yr,newbuild
2030,Homes - Single family homes,42.0,Home S.F.,kWh/m²GIA/yr,newbuild
2031,Homes - Single family homes,41.0,Home S.F.,kWh/m²GIA/yr,newbuild
2032,Homes - Single family homes,41.0,Home S.F.,kWh/m²GIA/yr,newbuild
2033,Homes - Single family homes,40.0,Home S.F.,kWh/m²GIA/yr,newbuild
2034,Homes - Single family homes,39.0,Home S.F.,kWh/m²GIA/yr,newbuild
2035,Homes - Single family homes,39.0,Home S.F.,kWh/m²GIA/yr,newbuild
2036,Homes - Single family homes,38.0,Home S.F.,kWh/m²GIA/yr,newbuild
2037,Homes - Single family homes,37.0,Home S.F.,kWh/m²GIA/yr,newbuild
2038,Homes - Single family homes,37.0,Home S.F.,kWh/m²GIA/yr,newbuild
2039,Homes - Single family homes,36.0,Home S.F.,kWh/m²GIA/yr,newbuild
2040,Homes - Single family homes,35.0,Home S.F.,kWh/m²GIA/yr,newbuild
2050,Homes - Single family homes,35.0,Home S.F.,kWh/m²GIA/yr,newbuild
2025,Homes - Flats,40.0,Home Flat.,kWh/m²GIA/yr,newbuild
2026,Homes - Flats,40.0,Home Flat.,kWh/m²GIA/yr,newbuild
2027,Homes - Flats,40.0,Home Flat.,kWh/m²GIA/yr,newbuild
2028,Homes - Flats,39.0,Home Flat.,kWh/m²GIA/yr,newbuild
2029,Homes - Flats,39.0,Home Flat.,kWh/m²GIA/yr,newbuild
2030,Homes - Flats,39.0,Home Flat.,kWh/m²GIA/yr,newbuild
2031,Homes - Flats,38.0,Home Flat.,kWh/m²GIA/yr,newbuild
2032,Homes - Flats,38.0,Home Flat.,kWh/m²GIA/yr,newbuild
2033,Homes - Flats,38.0,Home Flat.,kWh/m²GIA/yr,newbuild
2034,Homes - Flats,37.0,Home Flat.,kWh/m²GIA/yr,newbuild
2035,Homes - Flats,37.0,Home Flat.,kWh/m²GIA/yr,newbuild
2036,Homes - Flats,37.0,Home Flat.,kWh/m²GIA/yr,newbuild
2037,Homes - Flats,36.0,Home Flat.,kWh/m²GIA/yr,newbuild
2038,Homes - Flats,36.0,Home Flat.,kWh/m²GIA/yr,newbuild
2039,Homes - Flats,36.0,Home Flat.,kWh/m²GIA/yr,newbuild
2040,Homes - Flats,35.0,Home Flat.,kWh/m²GIA/yr,newbuild
2050,Homes - Flats,35.0,Home Flat.,kWh/m²GIA/yr,newbuild
2025,Hotel,125.0,Hotel,kWh/m²GIA/yr,newbuild
2026,Hotel,122.0,Hotel,kWh/m²GIA/yr,newbuild
2027,Hotel,119.0,Hotel,kWh/m²GIA/yr,newbuild
2028,Hotel,116.0,Hotel,kWh/m²GIA/yr,newbuild
2029,Hotel,113.0,Hotel,kWh/m²GIA/yr,newbuild
2030,Hotel,110.0,Hotel,kWh/m²GIA/yr,newbuild
2031,Hotel,107.0,Hotel,kWh/m²GIA/yr,newbuild
2032,Hotel,104.0,Hotel,kWh/m²GIA/yr,newbuild
2033,Hotel,101.0,Hotel,kWh/m²GIA/yr,newbuild
2034,Hotel,98.0,Hotel,kWh/m²GIA/yr,newbuild
2035,Hotel,95.0,Hotel,kWh/m²GIA/yr,newbuild
2036,Hotel,92.0,Hotel,kWh/m²GIA/yr,newbuild
2037,Hotel,89.0,Hotel,kWh/m²GIA/yr,newbuild
2038,Hotel,86.0,Hotel,kWh/m²GIA/yr,newbuild
2039,Hotel,83.0,Hotel,kWh/m²GIA/yr,newbuild
2040,Hotel,80.0,Hotel,kWh/m²GIA/yr,newbuild
2050,Hotel,80.0,Hotel,kWh/m²GIA/yr,newbuild
2025,Office - General,85.0,Off. Gen. (GIA),kWh/m²GIA/yr,newbuild
2026,Office - General,83.0,Off. Gen. (GIA),kWh/m²GIA/yr,newbuild
2027,Office - General,80.0,Off. Gen. (GIA),kWh/m²GIA/yr,newbuild
2028,Office - General,77.0,Off. Gen. (GIA),kWh/m²GIA/yr,newbuild
2029,Office - General,75.0,Off. Gen. (GIA),kWh/m²GIA/yr,newbuild
2030,Office - General,72.0,Off. Gen. (GIA),kWh/m²GIA/yr,newbuild
2031,Office - General,69.0,Off. Gen. (GIA),kWh/m²GIA/yr,newbuild
2032,Office - General,67.0,Off. Gen. (GIA),kWh/m²GIA/yr,newbuild
2033,Office - General,64.0,Off. Gen. (GIA),kWh/m²GIA/yr,newbuild
2034,Office - General,61.0,Off. Gen. (GIA),kWh/m²GIA/yr,newbuild
2035,Office - General,59.0,Off. Gen. (GIA),kWh/m²GIA/yr,newbuild
2036,Office - General,56.0,Off. Gen. (GIA),kWh/m²GIA/yr,newbuild
2037,Office - General,53.0,Off. Gen. (GIA),kWh/m²GIA/yr,newbuild
2038,Office - General,51.0,Off. Gen. (GIA),kWh/m²GIA/yr,newbuild
2039,Office - General,48.0,Off. Gen. (GIA),kWh/m²GIA/yr,newbuild
2040,Office - General,45.0,Off. Gen. (GIA),kWh/m²GIA/yr,newbuild
2050,Office - General,45.0,Off. Gen. (GIA),kWh/m²GIA/yr,newbuild
2025,Office - General,107.0,Off. Gen. (NIA),kWh/m²NIA/yr,newbuild
2026,Office - General,104.0,Off. Gen. (NIA),kWh/m²NIA/yr,newbuild
2027,Office - General,100.0,Off. Gen. (NIA),kWh/m²NIA/yr,newbuild
2028,Office - General,97.0,Off. Gen. (NIA),kWh/m²NIA/yr,newbuild
2029,Office - General,94.0,Off. Gen. (NIA),kWh/m²NIA/yr,newbuild
2030,Office - General,90.0,Off. Gen. (NIA),kWh/m²NIA/yr,newbuild
2031,Office - General,87.0,Off. Gen. (NIA),kWh/m²NIA/yr,newbuild
2032,Office - General,84.0,Off. Gen. (NIA),kWh/m²NIA/yr,newbuild
2033,Office - General,80.0,Off. Gen. (NIA),kWh/m²NIA/yr,newbuild
2034,Office - General,77.0,Off. Gen. (NIA),kWh/m²NIA/yr,newbuild
2035,Office - General,74.0,Off. Gen. (NIA),kWh/m²NIA/yr,newbuild
2036,Office - General,70.0,Off. Gen. (NIA),kWh/m²NIA/yr,newbuild
2037,Office - General,67.0,Off. Gen. (NIA),kWh/m²NIA/yr,newbuild
2038,Office - General,64.0,Off. Gen. (NIA),kWh/m²NIA/yr,newbuild
2039,Office - General,60.0,Off. Gen. (NIA),kWh/m²NIA/yr,newbuild
2040,Office - General,57.0,Off. Gen. (NIA),kWh/m²NIA/yr,newbuild
2050,Office - General,57.0,Off. Gen. (NIA),kWh/m²NIA/yr,newbuild
2025,Office - Call Centre,127.0,Off. Call Cen. (GIA),kWh/m²GIA/yr,newbuild
2026,Office - Call Centre,123.0,Off. Call Cen. (GIA),kWh/m²GIA/yr,newbuild
2027,Office - Call Centre,119.0,Off. Call Cen. (GIA),kWh/m²GIA/yr,newbuild
2028,Office - Call Centre,115.0,Off. Call Cen. (GIA),kWh/m²GIA/yr,newbuild
2029,Office - Call Centre,111.0,Off. Call Cen. (GIA),kWh/m²GIA/yr,newbuild
2030,Office - Call Centre,106.0,Off. Call Cen. (GIA),kWh/m²GIA/yr,newbuild
2031,Office - Call Centre,102.0,Off. Call Cen. (GIA),kWh/m²GIA/yr,newbuild
2032,Office - Call Centre,98.0,Off. Call Cen. (GIA),kWh/m²GIA/yr,newbuild
2033,Office - Call Centre,94.0,Off. Call Cen. (GIA),kWh/m²GIA/yr,newbuild
2034,Office - Call Centre,90.0,Off. Call Cen. (GIA),kWh/m²GIA/yr,newbuild
2035,Office - Call Centre,85.0,Off. Call Cen. (GIA),kWh/m²GIA/yr,newbuild
2036,Office - Call Centre,81.0,Off. Call Cen. (GIA),kWh/m²GIA/yr,newbuild
2037,Office - Call Centre,77.0,Off. Call Cen. (GIA),kWh/m²GIA/yr,newbuild
2038,Office - Call Centre,73.0,Off. Call Cen. (GIA),kWh/m²GIA/yr,newbuild
2039,Office - Call Centre,69.0,Off. Call Cen. (GIA),kWh/m²GIA/yr,newbuild
2040,Office - Call Centre,64.0,Off. Call Cen. (GIA),kWh/m²GIA/yr,newbuild
2050,Office - Call Centre,64.0,Off. Call Cen. (GIA),kWh/m²GIA/yr,newbuild
2025,Office - Call Centre,159.0,Call Cen. (NIA),kWh/m²NIA/yr,newbuild
2026,Office - Call Centre,154.0,Call Cen. (NIA),kWh/m²NIA/yr,newbuild
2027,Office - Call Centre,149.0,Call Cen. (NIA),kWh/m²NIA/yr,newbuild
2028,Office - Call Centre,144.0,Call Cen. (NIA),kWh/m²NIA/yr,newbuild
2029,Office - Call Centre,139.0,Call Cen. (NIA),kWh/m²NIA/yr,newbuild
2030,Office - Call Centre,133.0,Call Cen. (NIA),kWh/m²NIA/yr,newbuild
2031,Office - Call Centre,128.0,Call Cen. (NIA),kWh/m²NIA/yr,newbuild
2032,Office - Call Centre,123.0,Call Cen. (NIA),kWh/m²NIA/yr,newbuild
2033,Office - Call Centre,118.0,Call Cen. (NIA),kWh/m²NIA/yr,newbuild
2034,Office - Call Centre,113.0,Call Cen. (NIA),kWh/m²NIA/yr,newbuild
2035,Office - Call Centre,107.0,Call Cen. (NIA),kWh/m²NIA/yr,newbuild
2036,Office - Call Centre,102.0,Call Cen. (NIA),kWh/m²NIA/yr,newbuild
2037,Office - Call Centre,97.0,Call Cen. (NIA),kWh/m²NIA/yr,newbuild
2038,Office - Call Centre,92.0,Call Cen. (NIA),kWh/m²NIA/yr,newbuild
2039,Office - Call Centre,87.0,Call Cen. (NIA),kWh/m²NIA/yr,newbuild
2040,Office - Call Centre,80.0,Call Cen. (NIA),kWh/m²NIA/yr,newbuild
2050,Office - Call Centre,80.0,Call Cen. (NIA),kWh/m²NIA/yr,newbuild
2025,Office - Trading Floors,147.0,Off. Tr. Fl. (GIA),kWh/m²GIA/yr,newbuild
2026,Office - Trading Floors,143.0,Off. Tr. Fl. (GIA),kWh/m²GIA/yr,newbuild
2027,Office - Trading Floors,138.0,Off. Tr. Fl. (GIA),kWh/m²GIA/yr,newbuild
2028,Office - Trading Floors,133.0,Off. Tr. Fl. (GIA),kWh/m²GIA/yr,newbuild
2029,Office - Trading Floors,128.0,Off. Tr. Fl. (GIA),kWh/m²GIA/yr,newbuild
2030,Office - Trading Floors,123.0,Off. Tr. Fl. (GIA),kWh/m²GIA/yr,newbuild
2031,Office - Trading Floors,118.0,Off. Tr. Fl. (GIA),kWh/m²GIA/yr,newbuild
2032,Office - Trading Floors,113.0,Off. Tr. Fl. (GIA),kWh/m²GIA/yr,newbuild
2033,Office - Trading Floors,109.0,Off. Tr. Fl. (GIA),kWh/m²GIA/yr,newbuild
2034,Office - Trading Floors,104.0,Off. Tr. Fl. (GIA),kWh/m²GIA/yr,newbuild
2035,Office - Trading Floors,99.0,Off. Tr. Fl. (GIA),kWh/m²GIA/yr,newbuild
2036,Office - Trading Floors,94.0,Off. Tr. Fl. (GIA),kWh/m²GIA/yr,newbuild
2037,Office - Trading Floors,89.0,Off. Tr. Fl. (GIA),kWh/m²GIA/yr,newbuild
2038,Office - Trading Floors,84.0,Off. Tr. Fl. (GIA),kWh/m²GIA/yr,newbuild
2039,Office - Trading Floors,79.0,Off. Tr. Fl. (GIA),kWh/m²GIA/yr,newbuild
2040,Office - Trading Floors,74.0,Off. Tr. Fl. (GIA),kWh/m²GIA/yr,newbuild
2050,Office - Trading Floors,74.0,Off. Tr. Fl. (GIA),kWh/m²GIA/yr,newbuild
2025,Office - Trading Floors,184.0,Off. Tr. Fl. (NIA),kWh/m²NIA/yr,newbuild
2026,Office - Trading Floors,179.0,Off. Tr. Fl. (NIA),kWh/m²NIA/yr,newbuild
2027,Office - Trading Floors,173.0,Off. Tr. Fl. (NIA),kWh/m²NIA/yr,newbuild
2028,Office - Trading Floors,167.0,Off. Tr. Fl. (NIA),kWh/m²NIA/yr,newbuild
2029,Office - Trading Floors,160.0,Off. Tr. Fl. (NIA),kWh/m²NIA/yr,newbuild
2030,Office - Trading Floors,154.0,Off. Tr. Fl. (NIA),kWh/m²NIA/yr,newbuild
2031,Office - Trading Floors,148.0,Off. Tr. Fl. (NIA),kWh/m²NIA/yr,newbuild
2032,Office - Trading Floors,142.0,Off. Tr. Fl. (NIA),kWh/m²NIA/yr,newbuild
2033,Office - Trading Floors,137.0,Off. Tr. Fl. (NIA),kWh/m²NIA/yr,newbuild
2034,Office - Trading Floors,130.0,Off. Tr. Fl. (NIA),kWh/m²NIA/yr,newbuild
2035,Office - Trading Floors,124.0,Off. Tr. Fl. (NIA),kWh/m²NIA/yr,newbuild
2036,Office - Trading Floors,118.0,Off. Tr. Fl. (NIA),kWh/m²NIA/yr,newbuild
2037,Office - Trading Floors,112.0,Off. Tr. Fl. (NIA),kWh/m²NIA/yr,newbuild
2038,Office - Trading Floors,105.0,Off. Tr. Fl. (NIA),kWh/m²NIA/yr,newbuild
2039,Office - Trading Floors,99.0,Off. Tr. Fl. (NIA),kWh/m²NIA/yr,newbuild
2040,Office - Trading Floors,93.0,Off. Tr. Fl. (NIA),kWh/m²NIA/yr,newbuild
2050,Office - Trading Floors,93.0,Off. Tr. Fl. (NIA),kWh/m²NIA/yr,newbuild
2025,Retail - Supermarket,200.0,Retail Super M.,kWh/m²GIA/yr,newbuild
2026,Retail - Supermarket,194.0,Retail Super M.,kWh/m²GIA/yr,newbuild
2027,Retail - Supermarket,188.0,Retail Super M.,kWh/m²GIA/yr,newbuild
2028,Retail - Supermarket,182.0,Retail Super M.,kWh/m²GIA/yr,newbuild
2029,Retail - Supermarket,176.0,Retail Super M.,kWh/m²GIA/yr,newbuild
2030,Retail - Supermarket,170.0,Retail Super M.,kWh/m²GIA/yr,newbuild
2031,Retail - Supermarket,164.0,Retail Super M.,kWh/m²GIA/yr,newbuild
2032,Retail - Supermarket,158.0,Retail Super M.,kWh/m²GIA/yr,newbuild
2033,Retail - Supermarket,152.0,Retail Super M.,kWh/m²GIA/yr,newbuild
2034,Retail - Supermarket,146.0,Retail Super M.,kWh/m²GIA/yr,newbuild
2035,Retail - Supermarket,140.0,Retail Super M.,kWh/m²GIA/yr,newbuild
2036,Retail - Supermarket,134.0,Retail Super M.,kWh/m²GIA/yr,newbuild
2037,Retail - Supermarket,128.0,Retail Super M.,kWh/m²GIA/yr,newbuild
2038,Retail - Supermarket,122.0,Retail Super M.,kWh/m²GIA/yr,newbuild
2039,Retail - Supermarket,116.0,Retail Super M.,kWh/m²GIA/yr,newbuild
2040,Retail - Supermarket,110.0,Retail Super M.,kWh/m²GIA/yr,newbuild
2050,Retail - Supermarket,110.0,Retail Super M.,kWh/m²GIA/yr,newbuild
2025,Retail - High street retail e.g. dept. store,70.0,Retail Hi. St.,kWh/m²GIA/yr,newbuild
2026,Retail - High street retail e.g. dept. store,68.0,Retail Hi. St.,kWh/m²GIA/yr,newbuild
2027,Retail - High street retail e.g. dept. store,66.0,Retail Hi. St.,kWh/m²GIA/yr,newbuild
2028,Retail - High street retail e.g. dept. store,63.0,Retail Hi. St.,kWh/m²GIA/yr,newbuild
2029,Retail - High street retail e.g. dept. store,61.0,Retail Hi. St.,kWh/m²GIA/yr,newbuild
2030,Retail - High street retail e.g. dept. store,59.0,Retail Hi. St.,kWh/m²GIA/yr,newbuild
2031,Retail - High street retail e.g. dept. store,56.0,Retail Hi. St.,kWh/m²GIA/yr,newbuild
2032,Retail - High street retail e.g. dept. store,54.0,Retail Hi. St.,kWh/m²GIA/yr,newbuild
2033,Retail - High street retail e.g. dept. store,52.0,Retail Hi. St.,kWh/m²GIA/yr,newbuild
2034,Retail - High street retail e.g. dept. store,49.0,Retail Hi. St.,kWh/m²GIA/yr,newbuild
2035,Retail - High street retail e.g. dept. store,47.0,Retail Hi. St.,kWh/m²GIA/yr,newbuild
2036,Retail - High street retail e.g. dept. store,45.0,Retail Hi. St.,kWh/m²GIA/yr,newbuild
2037,Retail - High street retail e.g. dept. store,42.0,Retail Hi. St.,kWh/m²GIA/yr,newbuild
2038,Retail - High street retail e.g. dept. store,40.0,Retail Hi. St.,kWh/m²GIA/yr,newbuild
2039,Retail - High street retail e.g. dept. store,38.0,Retail Hi. St.,kWh/m²GIA/yr,newbuild
2040,Retail - High street retail e.g. dept. store,35.0,Retail Hi. St.,kWh/m²GIA/yr,newbuild
2050,Retail - High street retail e.g. dept. store,35.0,Retail Hi. St.,kWh/m²GIA/yr,newbuild
2025,Retail - F&B without catering (a),215.0,Retail FB w/o Cater.,kWh/m²GIA/yr,newbuild
2026,Retail - F&B without catering (a),209.0,Retail FB w/o Cater.,kWh/m²GIA/yr,newbuild
2027,Retail - F&B without catering (a),202.0,Retail FB w/o Cater.,kWh/m²GIA/yr,newbuild
2028,Retail - F&B without catering (a),195.0,Retail FB w/o Cater.,kWh/m²GIA/yr,newbuild
2029,Retail - F&B without catering (a),189.0,Retail FB w/o Cater.,kWh/m²GIA/yr,newbuild
2030,Retail - F&B without catering (a),182.0,Retail FB w/o Cater.,kWh/m²GIA/yr,newbuild
2031,Retail - F&B without catering (a),175.0,Retail FB w/o Cater.,kWh/m²GIA/yr,newbuild
2032,Retail - F&B without catering (a),169.0,Retail FB w/o Cater.,kWh/m²GIA/yr,newbuild
2033,Retail - F&B without catering (a),162.0,Retail FB w/o Cater.,kWh/m²GIA/yr,newbuild
2034,Retail - F&B without catering (a),155.0,Retail FB w/o Cater.,kWh/m²GIA/yr,newbuild
2035,Retail - F&B without catering (a),149.0,Retail FB w/o Cater.,kWh/m²GIA/yr,newbuild
2036,Retail - F&B without catering (a),142.0,Retail FB w/o Cater.,kWh/m²GIA/yr,newbuild
2037,Retail - F&B without catering (a),135.0,Retail FB w/o Cater.,kWh/m²GIA/yr,newbuild
2038,Retail - F&B without catering (a),129.0,Retail FB w/o Cater.,kWh/m²GIA/yr,newbuild
2039,Retail - F&B without catering (a),122.0,Retail FB w/o Cater.,kWh/m²GIA/yr,newbuild
2040,Retail - F&B without catering (a),115.0,Retail FB w/o Cater.,kWh/m²GIA/yr,newbuild
2050,Retail - F&B without catering (a),115.0,Retail FB w/o Cater.,kWh/m²GIA/yr,newbuild
2025,Retail - F&B with catering (b),380.0,Retail FB inc. Cater.,kWh/m²GIA/yr,newbuild
2026,Retail - F&B with catering (b),370.0,Retail FB inc. Cater.,kWh/m²GIA/yr,newbuild
2027,Retail - F&B with catering (b),359.0,Retail FB inc. Cater.,kWh/m²GIA/yr,newbuild
2028,Retail - F&B with catering (b),348.0,Retail FB inc. Cater.,kWh/m²GIA/yr,newbuild
2029,Retail - F&B with catering (b),338.0,Retail FB inc. Cater.,kWh/m²GIA/yr,newbuild
2030,Retail - F&B with catering (b),327.0,Retail FB inc. Cater.,kWh/m²GIA/yr,newbuild
2031,Retail - F&B with catering (b),316.0,Retail FB inc. Cater.,kWh/m²GIA/yr,newbuild
2032,Retail - F&B with catering (b),306.0,Retail FB inc. Cater.,kWh/m²GIA/yr,newbuild
2033,Retail - F&B with catering (b),295.0,Retail FB inc. Cater.,kWh/m²GIA/yr,newbuild
2034,Retail - F&B with catering (b),284.0,Retail FB inc. Cater.,kWh/m²GIA/yr,newbuild
2035,Retail - F&B with catering (b),274.0,Retail FB inc. Cater.,kWh/m²GIA/yr,newbuild
2036,Retail - F&B with catering (b),263.0,Retail FB inc. Cater.,kWh/m²GIA/yr,newbuild
2037,Retail - F&B with catering (b),252.0,Retail FB inc. Cater.,kWh/m²GIA/yr,newbuild
2038,Retail - F&B with catering (b),242.0,Retail FB inc. Cater.,kWh/m²GIA/yr,newbuild
2039,Retail - F&B with catering (b),231.0,Retail FB inc. Cater.,kWh/m²GIA/yr,newbuild
2040,Retail - F&B with catering (b),220.0,Retail FB inc. Cater.,kWh/m²GIA/yr,newbuild
2050,Retail - F&B with catering (b),220.0,Retail FB inc. Cater.,kWh/m²GIA/yr,newbuild
2025,Retail - Landlord areas (c),55.0,Retail LL.,kWh/m²GIA/yr,newbuild
2026,Retail - Landlord areas (c),54.0,Retail LL.,kWh/m²GIA/yr,newbuild
2027,Retail - Landlord areas (c),53.0,Retail LL.,kWh/m²GIA/yr,newbuild
2028,Retail - Landlord areas (c),52.0,Retail LL.,kWh/m²GIA/yr,newbuild
2029,Retail - Landlord areas (c),51.0,Retail LL.,kWh/m²GIA/yr,newbuild
2030,Retail - Landlord areas (c),50.0,Retail LL.,kWh/m²GIA/yr,newbuild
2031,Retail - Landlord areas (c),49.0,Retail LL.,kWh/m²GIA/yr,newbuild
2032,Retail - Landlord areas (c),48.0,Retail LL.,kWh/m²GIA/yr,newbuild
2033,Retail - Landlord areas (c),47.0,Retail LL.,kWh/m²GIA/yr,newbuild
2034,Retail - Landlord areas (c),46.0,Retail LL.,kWh/m²GIA/yr,newbuild
2035,Retail - Landlord areas (c),45.0,Retail LL.,kWh/m²GIA/yr,newbuild
2036,Retail - Landlord areas (c),44.0,Retail LL.,kWh/m²GIA/yr,newbuild
2037,Retail - Landlord areas (c),43.0,Retail LL.,kWh/m²GIA/yr,newbuild
2038,Retail - Landlord areas (c),42.0,Retail LL.,kWh/m²GIA/yr,newbuild
2039,Retail - Landlord areas (c),41.0,Retail LL.,kWh/m²GIA/yr,newbuild
2040,Retail - Landlord areas (c),40.0,Retail LL.,kWh/m²GIA/yr,newbuild
2050,Retail - Landlord areas (c),40.0,Retail LL.,kWh/m²GIA/yr,newbuild
2025,Retail - warehouse,80.0,Retail W.H,kWh/m²GIA/yr,newbuild
2026,Retail - warehouse,78.0,Retail W.H,kWh/m²GIA/yr,newbuild
2027,Retail - warehouse,75.0,Retail W.H,kWh/m²GIA/yr,newbuild
2028,Retail - warehouse,72.0,Retail W.H,kWh/m²GIA/yr,newbuild
2029,Retail - warehouse,70.0,Retail W.H,kWh/m²GIA/yr,newbuild
2030,Retail - warehouse,67.0,Retail W.H,kWh/m²GIA/yr,newbuild
2031,Retail - warehouse,64.0,Retail W.H,kWh/m²GIA/yr,newbuild
2032,Retail - warehouse,62.0,Retail W.H,kWh/m²GIA/yr,newbuild
2033,Retail - warehouse,59.0,Retail W.H,kWh/m²GIA/yr,newbuild
2034,Retail - warehouse,56.0,Retail W.H,kWh/m²GIA/yr,newbuild
2035,Retail - warehouse,54.0,Retail W.H,kWh/m²GIA/yr,newbuild
2036,Retail - warehouse,51.0,Retail W.H,kWh/m²GIA/yr,newbuild
2037,Retail - warehouse,48.0,Retail W.H,kWh/m²GIA/yr,newbuild
2038,Retail - warehouse,46.0,Retail W.H,kWh/m²GIA/yr,newbuild
2039,Retail - warehouse,43.0,Retail W.H,kWh/m²GIA/yr,newbuild
2040,Retail - warehouse,40.0,Retail W.H,kWh/m²GIA/yr,newbuild
2050,Retail - warehouse,40.0,Retail W.H,kWh/m²GIA/yr,newbuild
2025,School - Early years,50.0,School E.Y.,kWh/m²GIA/yr,newbuild
2026,School - Early years,50.0,School E.Y.,kWh/m²GIA/yr,newbuild
2027,School - Early years,49.0,School E.Y.,kWh/m²GIA/yr,newbuild
2028,School - Early years,48.0,School E.Y.,kWh/m²GIA/yr,newbuild
2029,School - Early years,48.0,School E.Y.,kWh/m²GIA/yr,newbuild
2030,School - Early years,47.0,School E.Y.,kWh/m²GIA/yr,newbuild
2031,School - Early years,46.0,School E.Y.,kWh/m²GIA/yr,newbuild
2032,School - Early years,46.0,School E.Y.,kWh/m²GIA/yr,newbuild
2033,School - Early years,45.0,School E.Y.,kWh/m²GIA/yr,newbuild
2034,School - Early years,44.0,School E.Y.,kWh/m²GIA/yr,newbuild
2035,School - Early years,44.0,School E.Y.,kWh/m²GIA/yr,newbuild
2036,School - Early years,43.0,School E.Y.,kWh/m²GIA/yr,newbuild
2037,School - Early years,42.0,School E.Y.,kWh/m²GIA/yr,newbuild
2038,School - Early years,42.0,School E.Y.,kWh/m²GIA/yr,newbuild
2039,School - Early years,41.0,School E.Y.,kWh/m²GIA/yr,newbuild
2040,School - Early years,40.0,School E.Y.,kWh/m²GIA/yr,newbuild
2050,School - Early years,40.0,School E.Y.,kWh/m²GIA/yr,newbuild
2025,School - Primary,45.0,School Pri.,kWh/m²GIA/yr,newbuild
2026,School - Primary,45.0,School Pri.,kWh/m²GIA/yr,newbuild
2027,School - Primary,44.0,School Pri.,kWh/m²GIA/yr,newbuild
2028,School - Primary,43.0,School Pri.,kWh/m²GIA/yr,newbuild
2029,School - Primary,43.0,School Pri.,kWh/m²GIA/yr,newbuild
2030,School - Primary,42.0,School Pri.,kWh/m²GIA/yr,newbuild
2031,School - Primary,41.0,School Pri.,kWh/m²GIA/yr,newbuild
2032,School - Primary,41.0,School Pri.,kWh/m²GIA/yr,newbuild
2033,School - Primary,40.0,School Pri.,kWh/m²GIA/yr,newbuild
2034,School - Primary,39.0,School Pri.,kWh/m²GIA/yr,newbuild
2035,School - Primary,39.0,School Pri.,kWh/m²GIA/yr,newbuild
2036,School - Primary,38.0,School Pri.,kWh/m²GIA/yr,newbuild
2037,School - Primary,37.0,School Pri.,kWh/m²GIA/yr,newbuild
2038,School - Primary,37.0,School Pri.,kWh/m²GIA/yr,newbuild
2039,School - Primary,36.0,School Pri.,kWh/m²GIA/yr,newbuild
2040,School - Primary,35.0,School Pri.,kWh/m²GIA/yr,newbuild
2050,School - Primary,35.0,School Pri.,kWh/m²GIA/yr,newbuild
2025,School - Secondary or SEN,60.0,School Sec.,kWh/m²GIA/yr,newbuild
2026,School - Secondary or SEN,59.0,School Sec.,kWh/m²GIA/yr,newbuild
2027,School - Secondary or SEN,58.0,School Sec.,kWh/m²GIA/yr,newbuild
2028,School - Secondary or SEN,57.0,School Sec.,kWh/m²GIA/yr,newbuild
2029,School - Secondary or SEN,56.0,School Sec.,kWh/m²GIA/yr,newbuild
2030,School - Secondary or SEN,55.0,School Sec.,kWh/m²GIA/yr,newbuild
2031,School - Secondary or SEN,54.0,School Sec.,kWh/m²GIA/yr,newbuild
2032,School - Secondary or SEN,53.0,School Sec.,kWh/m²GIA/yr,newbuild
2033,School - Secondary or SEN,52.0,School Sec.,kWh/m²GIA/yr,newbuild
2034,School - Secondary or SEN,51.0,School Sec.,kWh/m²GIA/yr,newbuild
2035,School - Secondary or SEN,50.0,School Sec.,kWh/m²GIA/yr,newbuild
2036,School - Secondary or SEN,49.0,School Sec.,kWh/m²GIA/yr,newbuild
2037,School - Secondary or SEN,48.0,School Sec.,kWh/m²GIA/yr,newbuild
2038,School - Secondary or SEN,47.0,School Sec.,kWh/m²GIA/yr,newbuild
2039,School - Secondary or SEN,46.0,School Sec.,kWh/m²GIA/yr,newbuild
2040,School - Secondary or SEN,45.0,School Sec.,kWh/m²GIA/yr,newbuild
2050,School - Secondary or SEN,45.0,School Sec.,kWh/m²GIA/yr,newbuild
2025,Science and Technology,305.0,Sci. &Tech.,kWh/m²GIA/yr,newbuild
2026,Science and Technology,297.0,Sci. &Tech.,kWh/m²GIA/yr,newbuild
2027,Science and Technology,289.0,Sci. &Tech.,kWh/m²GIA/yr,newbuild
2028,Science and Technology,280.0,Sci. &Tech.,kWh/m²GIA/yr,newbuild
2029,Science and Technology,272.0,Sci. &Tech.,kWh/m²GIA/yr,newbuild
2030,Science and Technology,264.0,Sci. &Tech.,kWh/m²GIA/yr,newbuild
2031,Science and Technology,255.0,Sci. &Tech.,kWh/m²GIA/yr,newbuild
2032,Science and Technology,247.0,Sci. &Tech.,kWh/m²GIA/yr,newbuild
2033,Science and Technology,239.0,Sci. &Tech.,kWh/m²GIA/yr,newbuild
2034,Science and Technology,230.0,Sci. &Tech.,kWh/m²GIA/yr,newbuild
2035,Science and Technology,222.0,Sci. &Tech.,kWh/m²GIA/yr,newbuild
2036,Science and Technology,214.0,Sci. &Tech.,kWh/m²GIA/yr,newbuild
2037,Science and Technology,205.0,Sci. &Tech.,kWh/m²GIA/yr,newbuild
2038,Science and Technology,197.0,Sci. &Tech.,kWh/m²GIA/yr,newbuild
2039,Science and Technology,189.0,Sci. &Tech.,kWh/m²GIA/yr,newbuild
2040,Science and Technology,180.0,Sci. &Tech.,kWh/m²GIA/yr,newbuild
2050,Science and Technology,180.0,Sci. &Tech.,kWh/m²GIA/yr,newbuild
2025,Sport & Leisure - Dry,80.0,Sport &L Dry,kWh/m²GIA/yr,newbuild
2026,Sport & Leisure - Dry,79.0,Sport &L Dry,kWh/m²GIA/yr,newbuild
2027,Sport & Leisure - Dry,78.0,Sport &L Dry,kWh/m²GIA/yr,newbuild
2028,Sport & Leisure - Dry,76.0,Sport &L Dry,kWh/m²GIA/yr,newbuild
2029,Sport & Leisure - Dry,75.0,Sport &L Dry,kWh/m²GIA/yr,newbuild
2030,Sport & Leisure - Dry,74.0,Sport &L Dry,kWh/m²GIA/yr,newbuild
2031,Sport & Leisure - Dry,72.0,Sport &L Dry,kWh/m²GIA/yr,newbuild
2032,Sport & Leisure - Dry,71.0,Sport &L Dry,kWh/m²GIA/yr,newbuild
2033,Sport & Leisure - Dry,70.0,Sport &L Dry,kWh/m²GIA/yr,newbuild
2034,Sport & Leisure - Dry,68.0,Sport &L Dry,kWh/m²GIA/yr,newbuild
2035,Sport & Leisure - Dry,67.0,Sport &L Dry,kWh/m²GIA/yr,newbuild
2036,Sport & Leisure - Dry,66.0,Sport &L Dry,kWh/m²GIA/yr,newbuild
2037,Sport & Leisure - Dry,64.0,Sport &L Dry,kWh/m²GIA/yr,newbuild
2038,Sport & Leisure - Dry,63.0,Sport &L Dry,kWh/m²GIA/yr,newbuild
2039,Sport & Leisure - Dry,62.0,Sport &L Dry,kWh/m²GIA/yr,newbuild
2040,Sport & Leisure - Dry,60.0,Sport &L Dry,kWh/m²GIA/yr,newbuild
2050,Sport & Leisure - Dry,60.0,Sport &L Dry,kWh/m²GIA/yr,newbuild
2025,Sport & Leisure - Wet,350.0,Sport &L Wet,kWh/m²GIA/yr,newbuild
2026,Sport & Leisure - Wet,344.0,Sport &L Wet,kWh/m²GIA/yr,newbuild
2027,Sport & Leisure - Wet,337.0,Sport &L Wet,kWh/m²GIA/yr,newbuild
2028,Sport & Leisure - Wet,330.0,Sport &L Wet,kWh/m²GIA/yr,newbuild
2029,Sport & Leisure - Wet,324.0,Sport &L Wet,kWh/m²GIA/yr,newbuild
2030,Sport & Leisure - Wet,317.0,Sport &L Wet,kWh/m²GIA/yr,newbuild
2031,Sport & Leisure - Wet,310.0,Sport &L Wet,kWh/m²GIA/yr,newbuild
2032,Sport & Leisure - Wet,304.0,Sport &L Wet,kWh/m²GIA/yr,newbuild
2033,Sport & Leisure - Wet,297.0,Sport &L Wet,kWh/m²GIA/yr,newbuild
2034,Sport & Leisure - Wet,290.0,Sport &L Wet,kWh/m²GIA/yr,newbuild
2035,Sport & Leisure - Wet,284.0,Sport &L Wet,kWh/m²GIA/yr,newbuild
2036,Sport & Leisure - Wet,277.0,Sport &L Wet,kWh/m²GIA/yr,newbuild
2037,Sport & Leisure - Wet,270.0,Sport &L Wet,kWh/m²GIA/yr,newbuild
2038,Sport & Leisure - Wet,264.0,Sport &L Wet,kWh/m²GIA/yr,newbuild
2039,Sport & Leisure - Wet,257.0,Sport &L Wet,kWh/m²GIA/yr,newbuild
2040,Sport & Leisure - Wet,250.0,Sport &L Wet,kWh/m²GIA/yr,newbuild
2050,Sport & Leisure - Wet,250.0,Sport &L Wet,kWh/m²GIA/yr,newbuild
2025,Sport & Leisure - Fitness,150.0,Sport &L Fit.,kWh/m²GIA/yr,newbuild
2026,Sport & Leisure - Fitness,148.0,Sport &L Fit.,kWh/m²GIA/yr,newbuild
2027,Sport & Leisure - Fitness,145.0,Sport &L Fit.,kWh/m²GIA/yr,newbuild
2028,Sport & Leisure - Fitness,142.0,Sport &L Fit.,kWh/m²GIA/yr,newbuild
2029,Sport & Leisure - Fitness,140.0,Sport &L Fit.,kWh/m²GIA/yr,newbuild
2030,Sport & Leisure - Fitness,137.0,Sport &L Fit.,kWh/m²GIA/yr,newbuild
2031,Sport & Leisure - Fitness,134.0,Sport &L Fit.,kWh/m²GIA/yr,newbuild
2032,Sport & Leisure - Fitness,132.0,Sport &L Fit.,kWh/m²GIA/yr,newbuild
2033,Sport & Leisure - Fitness,129.0,Sport &L Fit.,kWh/m²GIA/yr,newbuild
2034,Sport & Leisure - Fitness,126.0,Sport &L Fit.,kWh/m²GIA/yr,newbuild
2035,Sport & Leisure - Fitness,124.0,Sport &L Fit.,kWh/m²GIA/yr,newbuild
2036,Sport & Leisure - Fitness,121.0,Sport &L Fit.,kWh/m²GIA/yr,newbuild
2037,Sport & Leisure - Fitness,118.0,Sport &L Fit.,kWh/m²GIA/yr,newbuild
2038,Sport & Leisure - Fitness,116.0,Sport &L Fit.,kWh/m²GIA/yr,newbuild
2039,Sport & Leisure - Fitness,113.0,Sport &L Fit.,kWh/m²GIA/yr,newbuild
2040,Sport & Leisure - Fitness,110.0,Sport &L Fit.,kWh/m²GIA/yr,newbuild
2050,Sport & Leisure - Fitness,110.0,Sport &L Fit.,kWh/m²GIA/yr,newbuild
2025,Storage & Distribution - Unconditioned,35.0,Store & Dist Uncond.,kWh/m²GIA/yr,newbuild
2026,Storage & Distribution - Unconditioned,34.0,Store & Dist Uncond.,kWh/m²GIA/yr,newbuild
2027,Storage & Distribution - Unconditioned,33.0,Store & Dist Uncond.,kWh/m²GIA/yr,newbuild
2028,Storage & Distribution - Unconditioned,32.0,Store & Dist Uncond.,kWh/m²GIA/yr,newbuild
2029,Storage & Distribution - Unconditioned,31.0,Store & Dist Uncond.,kWh/m²GIA/yr,newbuild
2030,Storage & Distribution - Unconditioned,30.0,Store & Dist Uncond.,kWh/m²GIA/yr,newbuild
2031,Storage & Distribution - Unconditioned,29.0,Store & Dist Uncond.,kWh/m²GIA/yr,newbuild
2032,Storage & Distribution - Unconditioned,28.0,Store & Dist Uncond.,kWh/m²GIA/yr,newbuild
2033,Storage & Distribution - Unconditioned,27.0,Store & Dist Uncond.,kWh/m²GIA/yr,newbuild
2034,Storage & Distribution - Unconditioned,26.0,Store & Dist Uncond.,kWh/m²GIA/yr,newbuild
2035,Storage & Distribution - Unconditioned,25.0,Store & Dist Uncond.,kWh/m²GIA/yr,newbuild
2036,Storage & Distribution - Unconditioned,24.0,Store & Dist Uncond.,kWh/m²GIA/yr,newbuild
2037,Storage & Distribution - Unconditioned,23.0,Store & Dist Uncond.,kWh/m²GIA/yr,newbuild
2038,Storage & Distribution - Unconditioned,22.0,Store & Dist Uncond.,kWh/m²GIA/yr,newbuild
2039,Storage & Distribution - Unconditioned,21.0,Store & Dist Uncond.,kWh/m²GIA/yr,newbuild
2040,Storage & Distribution - Unconditioned,20.0,Store & Dist Uncond.,kWh/m²GIA/yr,newbuild
2050,Storage & Distribution - Unconditioned,20.0,Store & Dist Uncond.,kWh/m²GIA/yr,newbuild
2025,Storage & Distribution - Conditioned,80.0,Store & Dist Cond.,kWh/m²GIA/yr,newbuild
2026,Storage & Distribution - Conditioned,78.0,Store & Dist Cond.,kWh/m²GIA/yr,newbuild
2027,Storage & Distribution - Conditioned,75.0,Store & Dist Cond.,kWh/m²GIA/yr,newbuild
2028,Storage & Distribution - Conditioned,72.0,Store & Dist Cond.,kWh/m²GIA/yr,newbuild
2029,Storage & Distribution - Conditioned,70.0,Store & Dist Cond.,kWh/m²GIA/yr,newbuild
2030,Storage & Distribution - Conditioned,67.0,Store & Dist Cond.,kWh/m²GIA/yr,newbuild
2031,Storage & Distribution - Conditioned,64.0,Store & Dist Cond.,kWh/m²GIA/yr,newbuild
2032,Storage & Distribution - Conditioned,62.0,Store & Dist Cond.,kWh/m²GIA/yr,newbuild
2033,Storage & Distribution - Conditioned,59.0,Store & Dist Cond.,kWh/m²GIA/yr,newbuild
2034,Storage & Distribution - Conditioned,56.0,Store & Dist Cond.,kWh/m²GIA/yr,newbuild
2035,Storage & Distribution - Conditioned,54.0,Store & Dist Cond.,kWh/m²GIA/yr,newbuild
2036,Storage & Distribution - Conditioned,51.0,Store & Dist Cond.,kWh/m²GIA/yr,newbuild
2037,Storage & Distribution - Conditioned,48.0,Store & Dist Cond.,kWh/m²GIA/yr,newbuild
2038,Storage & Distribution - Conditioned,46.0,Store & Dist Cond.,kWh/m²GIA/yr,newbuild
2039,Storage & Distribution - Conditioned,43.0,Store & Dist Cond.,kWh/m²GIA/yr,newbuild
2040,Storage & Distribution - Conditioned,40.0,Store & Dist Cond.,kWh/m²GIA/yr,newbuild
2050,Storage & Distribution - Conditioned,40.0,Store & Dist Cond.,kWh/m²GIA/yr,newbuild
2025,Storage & Distribution - Cold Store,160.0,Store & Dist Cold,kWh/m²GIA/yr,newbuild
2026,Storage & Distribution - Cold Store,154.0,Store & Dist Cold,kWh/m²GIA/yr,newbuild
2027,Storage & Distribution - Cold Store,148.0,Store & Dist Cold,kWh/m²GIA/yr,newbuild
2028,Storage & Distribution - Cold Store,141.0,Store & Dist Cold,kWh/m²GIA/yr,newbuild
2029,Storage & Distribution - Cold Store,135.0,Store & Dist Cold,kWh/m²GIA/yr,newbuild
2030,Storage & Distribution - Cold Store,129.0,Store & Dist Cold,kWh/m²GIA/yr,newbuild
2031,Storage & Distribution - Cold Store,122.0,Store & Dist Cold,kWh/m²GIA/yr,newbuild
2032,Storage & Distribution - Cold Store,116.0,Store & Dist Cold,kWh/m²GIA/yr,newbuild
2033,Storage & Distribution - Cold Store,110.0,Store & Dist Cold,kWh/m²GIA/yr,newbuild
2034,Storage & Distribution - Cold Store,103.0,Store & Dist Cold,kWh/m²GIA/yr,newbuild
2035,Storage & Distribution - Cold Store,97.0,Store & Dist Cold,kWh/m²GIA/yr,newbuild
2036,Storage & Distribution - Cold Store,91.0,Store & Dist Cold,kWh/m²GIA/yr,newbuild
2037,Storage & Distribution - Cold Store,84.0,Store & Dist Cold,kWh/m²GIA/yr,newbuild
2038,Storage & Distribution - Cold Store,78.0,Store & Dist Cold,kWh/m²GIA/yr,newbuild
2039,Storage & Distribution - Cold Store,72.0,Store & Dist Cold,kWh/m²GIA/yr,newbuild
2040,Storage & Distribution - Cold Store,65.0,Store & Dist Cold,kWh/m²GIA/yr,newbuild
2050,Storage & Distribution - Cold Store,65.0,Store & Dist Cold,kWh/m²GIA/yr,newbuild
2025,Commercial Resi - Student Residential,110.0,Stud. Resi.,kWh/m²GIA/yr,retrofit-in-one-go
2026,Commercial Resi - Student Residential,108.0,Stud. Resi.,kWh/m²GIA/yr,retrofit-in-one-go
2027,Commercial Resi - Student Residential,106.0,Stud. Resi.,kWh/m²GIA/yr,retrofit-in-one-go
2028,Commercial Resi - Student Residential,103.0,Stud. Resi.,kWh/m²GIA/yr,retrofit-in-one-go
2029,Commercial Resi - Student Residential,101.0,Stud. Resi.,kWh/m²GIA/yr,retrofit-in-one-go
2030,Commercial Resi - Student Residential,99.0,Stud. Resi.,kWh/m²GIA/yr,retrofit-in-one-go
2031,Commercial Resi - Student Residential,96.0,Stud. Resi.,kWh/m²GIA/yr,retrofit-in-one-go
2032,Commercial Resi - Student Residential,94.0,Stud. Resi.,kWh/m²GIA/yr,retrofit-in-one-go
2033,Commercial Resi - Student Residential,92.0,Stud. Resi.,kWh/m²GIA/yr,retrofit-in-one-go
2034,Commercial Resi - Student Residential,89.0,Stud. Resi.,kWh/m²GIA/yr,retrofit-in-one-go
2035,Commercial Resi - Student Residential,87.0,Stud. Resi.,kWh/m²GIA/yr,retrofit-in-one-go
2036,Commercial Resi - Student Residential,85.0,Stud. Resi.,kWh/m²GIA/yr,retrofit-in-one-go
2037,Commercial Resi - Student Residential,82.0,Stud. Resi.,kWh/m²GIA/yr,retrofit-in-one-go
2038,Commercial Resi - Student Residential,80.0,Stud. Resi.,kWh/m²GIA/yr,retrofit-in-one-go
2039,Commercial Resi - Student Residential,78.0,Stud. Resi.,kWh/m²GIA/yr,retrofit-in-one-go
2040,Commercial Resi - Student Residential,75.0,Stud. Resi.,kWh/m²GIA/yr,retrofit-in-one-go
2050,Commercial Resi - Student Residential,75.0,Stud. Resi.,kWh/m²GIA/yr,retrofit-in-one-go
2025,Commercial Resi - Care Home,220.0,Care Home,kWh/m²GIA/yr,retrofit-in-one-go
2026,Commercial Resi - Care Home,216.0,Care Home,kWh/m²GIA/yr,retrofit-in-one-go
2027,Commercial Resi - Care Home,211.0,Care Home,kWh/m²GIA/yr,retrofit-in-one-go
2028,Commercial Resi - Care Home,206.0,Care Home,kWh/m²GIA/yr,retrofit-in-one-go
2029,Commercial Resi - Care Home,202.0,Care Home,kWh/m²GIA/yr,retrofit-in-one-go
2030,Commercial Resi - Care Home,197.0,Care Home,kWh/m²GIA/yr,retrofit-in-one-go
2031,Commercial Resi - Care Home,192.0,Care Home,kWh/m²GIA/yr,retrofit-in-one-go
2032,Commercial Resi - Care Home,188.0,Care Home,kWh/m²GIA/yr,retrofit-in-one-go
2033,Commercial Resi - Care Home,183.0,Care Home,kWh/m²GIA/yr,retrofit-in-one-go
2034,Commercial Resi - Care Home,178.0,Care Home,kWh/m²GIA/yr,retrofit-in-one-go
2035,Commercial Resi - Care Home,174.0,Care Home,kWh/m²GIA/yr,retrofit-in-one-go
2036,Commercial Resi - Care Home,169.0,Care Home,kWh/m²GIA/yr,retrofit-in-one-go
2037,Commercial Resi - Care Home,164.0,Care Home,kWh/m²GIA/yr,retrofit-in-one-go
2038,Commercial Resi - Care Home,160.0,Care Home,kWh/m²GIA/yr,retrofit-in-one-go
2039,Commercial Resi - Care Home,155.0,Care Home,kWh/m²GIA/yr,retrofit-in-one-go
2040,Commercial Resi - Care Home,150.0,Care Home,kWh/m²GIA/yr,retrofit-in-one-go
2050,Commercial Resi - Care Home,150.0,Care Home,kWh/m²GIA/yr,retrofit-in-one-go
2025,Culture & Enterainment - Performance,130.0,C&E Perfor.,kWh/m²GIA/yr,retrofit-in-one-go
2026,Culture & Enterainment - Performance,128.0,C&E Perfor.,kWh/m²GIA/yr,retrofit-in-one-go
2027,Culture & Enterainment - Performance,125.0,C&E Perfor.,kWh/m²GIA/yr,retrofit-in-one-go
2028,Culture & Enterainment - Performance,122.0,C&E Perfor.,kWh/m²GIA/yr,retrofit-in-one-go
2029,Culture & Enterainment - Performance,120.0,C&E Perfor.,kWh/m²GIA/yr,retrofit-in-one-go
2030,Culture & Enterainment - Performance,117.0,C&E Perfor.,kWh/m²GIA/yr,retrofit-in-one-go
2031,Culture & Enterainment - Performance,114.0,C&E Perfor.,kWh/m²GIA/yr,retrofit-in-one-go
2032,Culture & Enterainment - Performance,112.0,C&E Perfor.,kWh/m²GIA/yr,retrofit-in-one-go
2033,Culture & Enterainment - Performance,109.0,C&E Perfor.,kWh/m²GIA/yr,retrofit-in-one-go
2034,Culture & Enterainment - Performance,106.0,C&E Perfor.,kWh/m²GIA/yr,retrofit-in-one-go
2035,Culture & Enterainment - Performance,104.0,C&E Perfor.,kWh/m²GIA/yr,retrofit-in-one-go
2036,Culture & Enterainment - Performance,101.0,C&E Perfor.,kWh/m²GIA/yr,retrofit-in-one-go
2037,Culture & Enterainment - Performance,98.0,C&E Perfor.,kWh/m²GIA/yr,retrofit-in-one-go
2038,Culture & Enterainment - Performance,96.0,C&E Perfor.,kWh/m²GIA/yr,retrofit-in-one-go
2039,Culture & Enterainment - Performance,93.0,C&E Perfor.,kWh/m²GIA/yr,retrofit-in-one-go
2040,Culture & Enterainment - Performance,90.0,C&E Perfor.,kWh/m²GIA/yr,retrofit-in-one-go
2050,Culture & Enterainment - Performance,90.0,C&E Perfor.,kWh/m²GIA/yr,retrofit-in-one-go
2025,Culture & Enterainment - Collection (e.g. museum),100.0,C&E Collec.,kWh/m²GIA/yr,retrofit-in-one-go
2026,Culture & Enterainment - Collection (e.g. museum),98.0,C&E Collec.,kWh/m²GIA/yr,retrofit-in-one-go
2027,Culture & Enterainment - Collection (e.g. museum),96.0,C&E Collec.,kWh/m²GIA/yr,retrofit-in-one-go
2028,Culture & Enterainment - Collection (e.g. museum),93.0,C&E Collec.,kWh/m²GIA/yr,retrofit-in-one-go
2029,Culture & Enterainment - Collection (e.g. museum),91.0,C&E Collec.,kWh/m²GIA/yr,retrofit-in-one-go
2030,Culture & Enterainment - Collection (e.g. museum),89.0,C&E Collec.,kWh/m²GIA/yr,retrofit-in-one-go
2031,Culture & Enterainment - Collection (e.g. museum),86.0,C&E Collec.,kWh/m²GIA/yr,retrofit-in-one-go
2032,Culture & Enterainment - Collection (e.g. museum),84.0,C&E Collec.,kWh/m²GIA/yr,retrofit-in-one-go
2033,Culture & Enterainment - Collection (e.g. museum),82.0,C&E Collec.,kWh/m²GIA/yr,retrofit-in-one-go
2034,Culture & Enterainment - Collection (e.g. museum),79.0,C&E Collec.,kWh/m²GIA/yr,retrofit-in-one-go
2035,Culture & Enterainment - Collection (e.g. museum),77.0,C&E Collec.,kWh/m²GIA/yr,retrofit-in-one-go
2036,Culture & Enterainment - Collection (e.g. museum),75.0,C&E Collec.,kWh/m²GIA/yr,retrofit-in-one-go
2037,Culture & Enterainment - Collection (e.g. museum),72.0,C&E Collec.,kWh/m²GIA/yr,retrofit-in-one-go
2038,Culture & Enterainment - Collection (e.g. museum),70.0,C&E Collec.,kWh/m²GIA/yr,retrofit-in-one-go
2039,Culture & Enterainment - Collection (e.g. museum),68.0,C&E Collec.,kWh/m²GIA/yr,retrofit-in-one-go
2040,Culture & Enterainment - Collection (e.g. museum),65.0,C&E Collec.,kWh/m²GIA/yr,retrofit-in-one-go
2050,Culture & Enterainment - Collection (e.g. museum),65.0,C&E Collec.,kWh/m²GIA/yr,retrofit-in-one-go
2025,Culture & Enterainment - Archive,10.0,C&E Arch.,kWh/m²GIA/yr,retrofit-in-one-go
2026,Culture & Enterainment - Archive,10.0,C&E Arch.,kWh/m²GIA/yr,retrofit-in-one-go
2027,Culture & Enterainment - Archive,10.0,C&E Arch.,kWh/m²GIA/yr,retrofit-in-one-go
2028,Culture & Enterainment - Archive,10.0,C&E Arch.,kWh/m²GIA/yr,retrofit-in-one-go
2029,Culture & Enterainment - Archive,10.0,C&E Arch.,kWh/m²GIA/yr,retrofit-in-one-go
2030,Culture & Enterainment - Archive,9.0,C&E Arch.,kWh/m²GIA/yr,retrofit-in-one-go
2031,Culture & Enterainment - Archive,9.0,C&E Arch.,kWh/m²GIA/yr,retrofit-in-one-go
2032,Culture & Enterainment - Archive,9.0,C&E Arch.,kWh/m²GIA/yr,retrofit-in-one-go
2033,Culture & Enterainment - Archive,9.0,C&E Arch.,kWh/m²GIA/yr,retrofit-in-one-go
2034,Culture & Enterainment - Archive,9.0,C&E Arch.,kWh/m²GIA/yr,retrofit-in-one-go
2035,Culture & Enterainment - Archive,8.0,C&E Arch.,kWh/m²GIA/yr,retrofit-in-one-go
2036,Culture & Enterainment - Archive,8.0,C&E Arch.,kWh/m²GIA/yr,retrofit-in-one-go
2037,Culture & Enterainment - Archive,8.0,C&E Arch.,kWh/m²GIA/yr,retrofit-in-one-go
2038,Culture & Enterainment - Archive,8.0,C&E Arch.,kWh/m²GIA/yr,retrofit-in-one-go
2039,Culture & Enterainment - Archive,8.0,C&E Arch.,kWh/m²GIA/yr,retrofit-in-one-go
2040,Culture & Enterainment - Archive,7.0,C&E Arch.,kWh/m²GIA/yr,retrofit-in-one-go
2050,Culture & Enterainment - Archive,7.0,C&E Arch.,kWh/m²GIA/yr,retrofit-in-one-go
2025,Data Centre - Low utilisation,1.4,Data Centre,PUE,retrofit-in-one-go
2026,Data Centre - Low utilisation,1.4,Data Centre,PUE,retrofit-in-one-go
2027,Data Centre - Low utilisation,1.39,Data Centre,PUE,retrofit-in-one-go
2028,Data Centre - Low utilisation,1.38,Data Centre,PUE,retrofit-in-one-go
2029,Data Centre - Low utilisation,1.38,Data Centre,PUE,retrofit-in-one-go
2030,Data Centre - Low utilisation,1.37,Data Centre,PUE,retrofit-in-one-go
2031,Data Centre - Low utilisation,1.36,Data Centre,PUE,retrofit-in-one-go
2032,Data Centre - Low utilisation,1.36,Data Centre,PUE,retrofit-in-one-go
2033,Data Centre - Low utilisation,1.35,Data Centre,PUE,retrofit-in-one-go
2034,Data Centre - Low utilisation,1.34,Data Centre,PUE,retrofit-in-one-go
2035,Data Centre - Low utilisation,1.34,Data Centre,PUE,retrofit-in-one-go
2036,Data Centre - Low utilisation,1.33,Data Centre,PUE,retrofit-in-one-go
2037,Data Centre - Low utilisation,1.32,Data Centre,PUE,retrofit-in-one-go
2038,Data Centre - Low utilisation,1.32,Data Centre,PUE,retrofit-in-one-go
2039,Data Centre - Low utilisation,1.31,Data Centre,PUE,retrofit-in-one-go
2040,Data Centre - Low utilisation,1.3,Data Centre,PUE,retrofit-in-one-go
2050,Data Centre - Low utilisation,1.3,Data Centre,PUE,retrofit-in-one-go
2025,Data Centre - High utilisation,1.2,Data Centre.1,PUE,retrofit-in-one-go
2026,Data Centre - High utilisation,1.2,Data Centre.1,PUE,retrofit-in-one-go
2027,Data Centre - High utilisation,1.19,Data Centre.1,PUE,retrofit-in-one-go
2028,Data Centre - High utilisation,1.18,Data Centre.1,PUE,retrofit-in-one-go
2029,Data Centre - High utilisation,1.18,Data Centre.1,PUE,retrofit-in-one-go
2030,Data Centre - High utilisation,1.17,Data Centre.1,PUE,retrofit-in-one-go
2031,Data Centre - High utilisation,1.16,Data Centre.1,PUE,retrofit-in-one-go
2032,Data Centre - High utilisation,1.16,Data Centre.1,PUE,retrofit-in-one-go
2033,Data Centre - High utilisation,1.15,Data Centre.1,PUE,retrofit-in-one-go
2034,Data Centre - High utilisation,1.14,Data Centre.1,PUE,retrofit-in-one-go
2035,Data Centre - High utilisation,1.14,Data Centre.1,PUE,retrofit-in-one-go
2036,Data Centre - High utilisation,1.13,Data Centre.1,PUE,retrofit-in-one-go
2037,Data Centre - High utilisation,1.12,Data Centre.1,PUE,retrofit-in-one-go
2038,Data Centre - High utilisation,1.12,Data Centre.1,PUE,retrofit-in-one-go
2039,Data Centre - High utilisation,1.11,Data Centre.1,PUE,retrofit-in-one-go
2040,Data Centre - High utilisation,1.1,Data Centre.1,PUE,retrofit-in-one-go
2050,Data Centre - High utilisation,1.1,Data Centre.1,PUE,retrofit-in-one-go
2025,Healthcare - Acute Trust,258.0,Health. Acute,kWh/m²GIA/yr,retrofit-in-one-go
2026,Healthcare - Acute Trust,259.0,Health. Acute,kWh/m²GIA/yr,retrofit-in-one-go
2027,Healthcare - Acute Trust,259.0,Health. Acute,kWh/m²GIA/yr,retrofit-in-one-go
2028,Healthcare - Acute Trust,259.0,Health. Acute,kWh/m²GIA/yr,retrofit-in-one-go
2029,Healthcare - Acute Trust,259.0,Health. Acute,kWh/m²GIA/yr,retrofit-in-one-go
2030,Healthcare - Acute Trust,259.0,Health. Acute,kWh/m²GIA/yr,retrofit-in-one-go
2031,Healthcare - Acute Trust,259.0,Health. Acute,kWh/m²GIA/yr,retrofit-in-one-go
2032,Healthcare - Acute Trust,259.0,Health. Acute,kWh/m²GIA/yr,retrofit-in-one-go
2033,Healthcare - Acute Trust,259.0,Health. Acute,kWh/m²GIA/yr,retrofit-in-one-go
2034,Healthcare - Acute Trust,259.0,Health. Acute,kWh/m²GIA/yr,retrofit-in-one-go
2035,Healthcare - Acute Trust,259.0,Health. Acute,kWh/m²GIA/yr,retrofit-in-one-go
2036,Healthcare - Acute Trust,259.0,Health. Acute,kWh/m²GIA/yr,retrofit-in-one-go
2037,Healthcare - Acute Trust,259.0,Health. Acute,kWh/m²GIA/yr,retrofit-in-one-go
2038,Healthcare - Acute Trust,259.0,Health. Acute,kWh/m²GIA/yr,retrofit-in-one-go
2039,Healthcare - Acute Trust,259.0,Health. Acute,kWh/m²GIA/yr,retrofit-in-one-go
2040,Healthcare - Acute Trust,258.0,Health. Acute,kWh/m²GIA/yr,retrofit-in-one-go
2050,Healthcare - Acute Trust,258.0,Health. Acute,kWh/m²GIA/yr,retrofit-in-one-go
2025,Healthcare - Care Trust,140.0,Health. Care,kWh/m²GIA/yr,retrofit-in-one-go
2026,Healthcare - Care Trust,140.0,Health. Care,kWh/m²GIA/yr,retrofit-in-one-go
2027,Healthcare - Care Trust,140.0,Health. Care,kWh/m²GIA/yr,retrofit-in-one-go
2028,Healthcare - Care Trust,140.0,Health. Care,kWh/m²GIA/yr,retrofit-in-one-go
2029,Healthcare - Care Trust,140.0,Health. Care,kWh/m²GIA/yr,retrofit-in-one-go
2030,Healthcare - Care Trust,140.0,Health. Care,kWh/m²GIA/yr,retrofit-in-one-go
2031,Healthcare - Care Trust,140.0,Health. Care,kWh/m²GIA/yr,retrofit-in-one-go
2032,Healthcare - Care Trust,140.0,Health. Care,kWh/m²GIA/yr,retrofit-in-one-go
2033,Healthcare - Care Trust,140.0,Health. Care,kWh/m²GIA/yr,retrofit-in-one-go
2034,Healthcare - Care Trust,140.0,Health. Care,kWh/m²GIA/yr,retrofit-in-one-go
2035,Healthcare - Care Trust,140.0,Health. Care,kWh/m²GIA/yr,retrofit-in-one-go
2036,Healthcare - Care Trust,140.0,Health. Care,kWh/m²GIA/yr,retrofit-in-one-go
2037,Healthcare - Care Trust,140.0,Health. Care,kWh/m²GIA/yr,retrofit-in-one-go
2038,Healthcare - Care Trust,140.0,Health. Care,kWh/m²GIA/yr,retrofit-in-one-go
2039,Healthcare - Care Trust,140.0,Health. Care,kWh/m²GIA/yr,retrofit-in-one-go
2040,Healthcare - Care Trust,140.0,Health. Care,kWh/m²GIA/yr,retrofit-in-one-go
2050,Healthcare - Care Trust,140.0,Health. Care,kWh/m²GIA/yr,retrofit-in-one-go
2025,Healthcare - Community Trust,162.0,Health. Comm.,kWh/m²GIA/yr,retrofit-in-one-go
2026,Healthcare - Community Trust,163.0,Health. Comm.,kWh/m²GIA/yr,retrofit-in-one-go
2027,Healthcare - Community Trust,163.0,Health. Comm.,kWh/m²GIA/yr,retrofit-in-one-go
2028,Healthcare - Community Trust,163.0,Health. Comm.,kWh/m²GIA/yr,retrofit-in-one-go
2029,Healthcare - Community Trust,163.0,Health. Comm.,kWh/m²GIA/yr,retrofit-in-one-go
2030,Healthcare - Community Trust,163.0,Health. Comm.,kWh/m²GIA/yr,retrofit-in-one-go
2031,Healthcare - Community Trust,163.0,Health. Comm.,kWh/m²GIA/yr,retrofit-in-one-go
2032,Healthcare - Community Trust,163.0,Health. Comm.,kWh/m²GIA/yr,retrofit-in-one-go
2033,Healthcare - Community Trust,163.0,Health. Comm.,kWh/m²GIA/yr,retrofit-in-one-go
2034,Healthcare - Community Trust,163.0,Health. Comm.,kWh/m²GIA/yr,retrofit-in-one-go
2035,Healthcare - Community Trust,163.0,Health. Comm.,kWh/m²GIA/yr,retrofit-in-one-go
2036,Healthcare - Community Trust,163.0,Health. Comm.,kWh/m²GIA/yr,retrofit-in-one-go
2037,Healthcare - Community Trust,163.0,Health. Comm.,kWh/m²GIA/yr,retrofit-in-one-go
2038,Healthcare - Community Trust,163.0,Health. Comm.,kWh/m²GIA/yr,retrofit-in-one-go
2039,Healthcare - Community Trust,163.0,Health. Comm.,kWh/m²GIA/yr,retrofit-in-one-go
2040,Healthcare - Community Trust,162.0,Health. Comm.,kWh/m²GIA/yr,retrofit-in-one-go
2050,Healthcare - Community Trust,162.0,Health. Comm.,kWh/m²GIA/yr,retrofit-in-one-go
2025,Healthcare - Mental Health & Learning Trust,166.0,Health. MH & L. .,kWh/m²GIA/yr,retrofit-in-one-go
2026,Healthcare - Mental Health & Learning Trust,167.0,Health. MH & L. .,kWh/m²GIA/yr,retrofit-in-one-go
2027,Healthcare - Mental Health & Learning Trust,167.0,Health. MH & L. .,kWh/m²GIA/yr,retrofit-in-one-go
2028,Healthcare - Mental Health & Learning Trust,167.0,Health. MH & L. .,kWh/m²GIA/yr,retrofit-in-one-go
2029,Healthcare - Mental Health & Learning Trust,167.0,Health. MH & L. .,kWh/m²GIA/yr,retrofit-in-one-go
2030,Healthcare - Mental Health & Learning Trust,167.0,Health. MH & L. .,kWh/m²GIA/yr,retrofit-in-one-go
2031,Healthcare - Mental Health & Learning Trust,167.0,Health. MH & L. .,kWh/m²GIA/yr,retrofit-in-one-go
2032,Healthcare - Mental Health & Learning Trust,167.0,Health. MH & L. .,kWh/m²GIA/yr,retrofit-in-one-go
2033,Healthcare - Mental Health & Learning Trust,167.0,Health. MH & L. .,kWh/m²GIA/yr,retrofit-in-one-go
2034,Healthcare - Mental Health & Learning Trust,167.0,Health. MH & L. .,kWh/m²GIA/yr,retrofit-in-one-go
2035,Healthcare - Mental Health & Learning Trust,167.0,Health. MH & L. .,kWh/m²GIA/yr,retrofit-in-one-go
2036,Healthcare - Mental Health & Learning Trust,167.0,Health. MH & L. .,kWh/m²GIA/yr,retrofit-in-one-go
2037,Healthcare - Mental Health & Learning Trust,167.0,Health. MH & L. .,kWh/m²GIA/yr,retrofit-in-one-go
2038,Healthcare - Mental Health & Learning Trust,167.0,Health. MH & L. .,kWh/m²GIA/yr,retrofit-in-one-go
2039,Healthcare - Mental Health & Learning Trust,167.0,Health. MH & L. .,kWh/m²GIA/yr,retrofit-in-one-go
2040,Healthcare - Mental Health & Learning Trust,166.0,Health. MH & L. .,kWh/m²GIA/yr,retrofit-in-one-go
2050,Healthcare - Mental Health & Learning Trust,166.0,Health. MH & L. .,kWh/m²GIA/yr,retrofit-in-one-go
2025,Healthcare - Ambulance Trust,182.0,Health. Amb.,kWh/m²GIA/yr,retrofit-in-one-go
2026,Healthcare - Ambulance Trust,182.0,Health. Amb.,kWh/m²GIA/yr,retrofit-in-one-go
2027,Healthcare - Ambulance Trust,182.0,Health. Amb.,kWh/m²GIA/yr,retrofit-in-one-go
2028,Healthcare - Ambulance Trust,182.0,Health. Amb.,kWh/m²GIA/yr,retrofit-in-one-go
2029,Healthcare - Ambulance Trust,182.0,Health. Amb.,kWh/m²GIA/yr,retrofit-in-one-go
2030,Healthcare - Ambulance Trust,182.0,Health. Amb.,kWh/m²GIA/yr,retrofit-in-one-go
2031,Healthcare - Ambulance Trust,182.0,Health. Amb.,kWh/m²GIA/yr,retrofit-in-one-go
2032,Healthcare - Ambulance Trust,182.0,Health. Amb.,kWh/m²GIA/yr,retrofit-in-one-go
2033,Healthcare - Ambulance Trust,182.0,Health. Amb.,kWh/m²GIA/yr,retrofit-in-one-go
2034,Healthcare - Ambulance Trust,182.0,Health. Amb.,kWh/m²GIA/yr,retrofit-in-one-go
2035,Healthcare - Ambulance Trust,182.0,Health. Amb.,kWh/m²GIA/yr,retrofit-in-one-go
2036,Healthcare - Ambulance Trust,182.0,Health. Amb.,kWh/m²GIA/yr,retrofit-in-one-go
2037,Healthcare - Ambulance Trust,182.0,Health. Amb.,kWh/m²GIA/yr,retrofit-in-one-go
2038,Healthcare - Ambulance Trust,182.0,Health. Amb.,kWh/m²GIA/yr,retrofit-in-one-go
2039,Healthcare - Ambulance Trust,182.0,Health. Amb.,kWh/m²GIA/yr,retrofit-in-one-go
2040,Healthcare - Ambulance Trust,182.0,Health. Amb.,kWh/m²GIA/yr,retrofit-in-one-go
2050,Healthcare - Ambulance Trust,182.0,Health. Amb.,kWh/m²GIA/yr,retrofit-in-one-go
2025,Higher Education,130.0,High. Ed.,kWh/m²GIA/yr,retrofit-in-one-go
2026,Higher Education,127.0,High. Ed.,kWh/m²GIA/yr,retrofit-in-one-go
2027,Higher Education,123.0,High. Ed.,kWh/m²GIA/yr,retrofit-in-one-go
2028,Higher Education,119.0,High. Ed.,kWh/m²GIA/yr,retrofit-in-one-go
2029,Higher Education,116.0,High. Ed.,kWh/m²GIA/yr,retrofit-in-one-go
2030,Higher Education,112.0,High. Ed.,kWh/m²GIA/yr,retrofit-in-one-go
2031,Higher Education,108.0,High. Ed.,kWh/m²GIA/yr,retrofit-in-one-go
2032,Higher Education,105.0,High. Ed.,kWh/m²GIA/yr,retrofit-in-one-go
2033,Higher Education,101.0,High. Ed.,kWh/m²GIA/yr,retrofit-in-one-go
2034,Higher Education,97.0,High. Ed.,kWh/m²GIA/yr,retrofit-in-one-go
2035,Higher Education,94.0,High. Ed.,kWh/m²GIA/yr,retrofit-in-one-go
2036,Higher Education,90.0,High. Ed.,kWh/m²GIA/yr,retrofit-in-one-go
2037,Higher Education,86.0,High. Ed.,kWh/m²GIA/yr,retrofit-in-one-go
2038,Higher Education,83.0,High. Ed.,kWh/m²GIA/yr,retrofit-in-one-go
2039,Higher Education,79.0,High. Ed.,kWh/m²GIA/yr,retrofit-in-one-go
2040,Higher Education,75.0,High. Ed.,kWh/m²GIA/yr,retrofit-in-one-go
2050,Higher Education,75.0,High. Ed.,kWh/m²GIA/yr,retrofit-in-one-go
2025,Homes - Single family homes,75.0,Home S.F.,kWh/m²GIA/yr,retrofit-in-one-go
2026,Homes - Single family homes,74.0,Home S.F.,kWh/m²GIA/yr,retrofit-in-one-go
2027,Homes - Single family homes,73.0,Home S.F.,kWh/m²GIA/yr,retrofit-in-one-go
2028,Homes - Single family homes,72.0,Home S.F.,kWh/m²GIA/yr,retrofit-in-one-go
2029,Homes - Single family homes,71.0,Home S.F.,kWh/m²GIA/yr,retrofit-in-one-go
2030,Homes - Single family homes,70.0,Home S.F.,kWh/m²GIA/yr,retrofit-in-one-go
2031,Homes - Single family homes,69.0,Home S.F.,kWh/m²GIA/yr,retrofit-in-one-go
2032,Homes - Single family homes,68.0,Home S.F.,kWh/m²GIA/yr,retrofit-in-one-go
2033,Homes - Single family homes,66.0,Home S.F.,kWh/m²GIA/yr,retrofit-in-one-go
2034,Homes - Single family homes,65.0,Home S.F.,kWh/m²GIA/yr,retrofit-in-one-go
2035,Homes - Single family homes,64.0,Home S.F.,kWh/m²GIA/yr,retrofit-in-one-go
2036,Homes - Single family homes,63.0,Home S.F.,kWh/m²GIA/yr,retrofit-in-one-go
2037,Homes - Single family homes,62.0,Home S.F.,kWh/m²GIA/yr,retrofit-in-one-go
2038,Homes - Single family homes,61.0,Home S.F.,kWh/m²GIA/yr,retrofit-in-one-go
2039,Homes - Single family homes,60.0,Home S.F.,kWh/m²GIA/yr,retrofit-in-one-go
2040,Homes - Single family homes,58.0,Home S.F.,kWh/m²GIA/yr,retrofit-in-one-go
2050,Homes - Single family homes,58.0,Home S.F.,kWh/m²GIA/yr,retrofit-in-one-go
2025,Homes - Flats,65.0,Home Flat.,kWh/m²GIA/yr,retrofit-in-one-go
2026,Homes - Flats,65.0,Home Flat.,kWh/m²GIA/yr,retrofit-in-one-go
2027,Homes - Flats,64.0,Home Flat.,kWh/m²GIA/yr,retrofit-in-one-go
2028,Homes - Flats,64.0,Home Flat.,kWh/m²GIA/yr,retrofit-in-one-go
2029,Homes - Flats,63.0,Home Flat.,kWh/m²GIA/yr,retrofit-in-one-go
2030,Homes - Flats,63.0,Home Flat.,kWh/m²GIA/yr,retrofit-in-one-go
2031,Homes - Flats,62.0,Home Flat.,kWh/m²GIA/yr,retrofit-in-one-go
2032,Homes - Flats,62.0,Home Flat.,kWh/m²GIA/yr,retrofit-in-one-go
2033,Homes - Flats,61.0,Home Flat.,kWh/m²GIA/yr,retrofit-in-one-go
2034,Homes - Flats,61.0,Home Flat.,kWh/m²GIA/yr,retrofit-in-one-go
2035,Homes - Flats,60.0,Home Flat.,kWh/m²GIA/yr,retrofit-in-one-go
2036,Homes - Flats,60.0,Home Flat.,kWh/m²GIA/yr,retrofit-in-one-go
2037,Homes - Flats,59.0,Home Flat.,kWh/m²GIA/yr,retrofit-in-one-go
2038,Homes - Flats,59.0,Home Flat.,kWh/m²GIA/yr,retrofit-in-one-go
2039,Homes - Flats,58.0,Home Flat.,kWh/m²GIA/yr,retrofit-in-one-go
2040,Homes - Flats,57.0,Home Flat.,kWh/m²GIA/yr,retrofit-in-one-go
2050,Homes - Flats,57.0,Home Flat.,kWh/m²GIA/yr,retrofit-in-one-go
2025,Hotel,180.0,Hotel,kWh/m²GIA/yr,retrofit-in-one-go
2026,Hotel,176.0,Hotel,kWh/m²GIA/yr,retrofit-in-one-go
2027,Hotel,172.0,Hotel,kWh/m²GIA/yr,retrofit-in-one-go
2028,Hotel,168.0,Hotel,kWh/m²GIA/yr,retrofit-in-one-go
2029,Hotel,164.0,Hotel,kWh/m²GIA/yr,retrofit-in-one-go
2030,Hotel,160.0,Hotel,kWh/m²GIA/yr,retrofit-in-one-go
2031,Hotel,156.0,Hotel,kWh/m²GIA/yr,retrofit-in-one-go
2032,Hotel,152.0,Hotel,kWh/m²GIA/yr,retrofit-in-one-go
2033,Hotel,148.0,Hotel,kWh/m²GIA/yr,retrofit-in-one-go
2034,Hotel,144.0,Hotel,kWh/m²GIA/yr,retrofit-in-one-go
2035,Hotel,140.0,Hotel,kWh/m²GIA/yr,retrofit-in-one-go
2036,Hotel,136.0,Hotel,kWh/m²GIA/yr,retrofit-in-one-go
2037,Hotel,132.0,Hotel,kWh/m²GIA/yr,retrofit-in-one-go
2038,Hotel,128.0,Hotel,kWh/m²GIA/yr,retrofit-in-one-go
2039,Hotel,124.0,Hotel,kWh/m²GIA/yr,retrofit-in-one-go
2040,Hotel,120.0,Hotel,kWh/m²GIA/yr,retrofit-in-one-go
2050,Hotel,120.0,Hotel,kWh/m²GIA/yr,retrofit-in-one-go
2025,Office - General,100.0,Off. Gen. (GIA),kWh/m²GIA/yr,retrofit-in-one-go
2026,Office - General,97.0,Off. Gen. (GIA),kWh/m²GIA/yr,retrofit-in-one-go
2027,Office - General,94.0,Off. Gen. (GIA),kWh/m²GIA/yr,retrofit-in-one-go
2028,Office - General,91.0,Off. Gen. (GIA),kWh/m²GIA/yr,retrofit-in-one-go
2029,Office - General,88.0,Off. Gen. (GIA),kWh/m²GIA/yr,retrofit-in-one-go
2030,Office - General,85.0,Off. Gen. (GIA),kWh/m²GIA/yr,retrofit-in-one-go
2031,Office - General,82.0,Off. Gen. (GIA),kWh/m²GIA/yr,retrofit-in-one-go
2032,Office - General,79.0,Off. Gen. (GIA),kWh/m²GIA/yr,retrofit-in-one-go
2033,Office - General,76.0,Off. Gen. (GIA),kWh/m²GIA/yr,retrofit-in-one-go
2034,Office - General,73.0,Off. Gen. (GIA),kWh/m²GIA/yr,retrofit-in-one-go
2035,Office - General,70.0,Off. Gen. (GIA),kWh/m²GIA/yr,retrofit-in-one-go
2036,Office - General,67.0,Off. Gen. (GIA),kWh/m²GIA/yr,retrofit-in-one-go
2037,Office - General,64.0,Off. Gen. (GIA),kWh/m²GIA/yr,retrofit-in-one-go
2038,Office - General,61.0,Off. Gen. (GIA),kWh/m²GIA/yr,retrofit-in-one-go
2039,Office - General,58.0,Off. Gen. (GIA),kWh/m²GIA/yr,retrofit-in-one-go
2040,Office - General,55.0,Off. Gen. (GIA),kWh/m²GIA/yr,retrofit-in-one-go
2050,Office - General,55.0,Off. Gen. (GIA),kWh/m²GIA/yr,retrofit-in-one-go
2025,Office - General,125.0,Off. Gen. (NIA),kWh/m²NIA/yr,retrofit-in-one-go
2026,Office - General,122.0,Off. Gen. (NIA),kWh/m²NIA/yr,retrofit-in-one-go
2027,Office - General,118.0,Off. Gen. (NIA),kWh/m²NIA/yr,retrofit-in-one-go
2028,Office - General,114.0,Off. Gen. (NIA),kWh/m²NIA/yr,retrofit-in-one-go
2029,Office - General,110.0,Off. Gen. (NIA),kWh/m²NIA/yr,retrofit-in-one-go
2030,Office - General,107.0,Off. Gen. (NIA),kWh/m²NIA/yr,retrofit-in-one-go
2031,Office - General,103.0,Off. Gen. (NIA),kWh/m²NIA/yr,retrofit-in-one-go
2032,Office - General,99.0,Off. Gen. (NIA),kWh/m²NIA/yr,retrofit-in-one-go
2033,Office - General,95.0,Off. Gen. (NIA),kWh/m²NIA/yr,retrofit-in-one-go
2034,Office - General,92.0,Off. Gen. (NIA),kWh/m²NIA/yr,retrofit-in-one-go
2035,Office - General,88.0,Off. Gen. (NIA),kWh/m²NIA/yr,retrofit-in-one-go
2036,Office - General,84.0,Off. Gen. (NIA),kWh/m²NIA/yr,retrofit-in-one-go
2037,Office - General,80.0,Off. Gen. (NIA),kWh/m²NIA/yr,retrofit-in-one-go
2038,Office - General,77.0,Off. Gen. (NIA),kWh/m²NIA/yr,retrofit-in-one-go
2039,Office - General,73.0,Off. Gen. (NIA),kWh/m²NIA/yr,retrofit-in-one-go
2040,Office - General,69.0,Off. Gen. (NIA),kWh/m²NIA/yr,retrofit-in-one-go
2050,Office - General,69.0,Off. Gen. (NIA),kWh/m²NIA/yr,retrofit-in-one-go
2025,Office - Call Centre,191.0,Off. Call Cen. (GIA),kWh/m²GIA/yr,retrofit-in-one-go
2026,Office - Call Centre,187.0,Off. Call Cen. (GIA),kWh/m²GIA/yr,retrofit-in-one-go
2027,Office - Call Centre,183.0,Off. Call Cen. (GIA),kWh/m²GIA/yr,retrofit-in-one-go
2028,Office - Call Centre,179.0,Off. Call Cen. (GIA),kWh/m²GIA/yr,retrofit-in-one-go
2029,Office - Call Centre,174.0,Off. Call Cen. (GIA),kWh/m²GIA/yr,retrofit-in-one-go
2030,Office - Call Centre,170.0,Off. Call Cen. (GIA),kWh/m²GIA/yr,retrofit-in-one-go
2031,Office - Call Centre,166.0,Off. Call Cen. (GIA),kWh/m²GIA/yr,retrofit-in-one-go
2032,Office - Call Centre,162.0,Off. Call Cen. (GIA),kWh/m²GIA/yr,retrofit-in-one-go
2033,Office - Call Centre,157.0,Off. Call Cen. (GIA),kWh/m²GIA/yr,retrofit-in-one-go
2034,Office - Call Centre,153.0,Off. Call Cen. (GIA),kWh/m²GIA/yr,retrofit-in-one-go
2035,Office - Call Centre,149.0,Off. Call Cen. (GIA),kWh/m²GIA/yr,retrofit-in-one-go
2036,Office - Call Centre,145.0,Off. Call Cen. (GIA),kWh/m²GIA/yr,retrofit-in-one-go
2037,Office - Call Centre,140.0,Off. Call Cen. (GIA),kWh/m²GIA/yr,retrofit-in-one-go
2038,Office - Call Centre,136.0,Off. Call Cen. (GIA),kWh/m²GIA/yr,retrofit-in-one-go
2039,Office - Call Centre,132.0,Off. Call Cen. (GIA),kWh/m²GIA/yr,retrofit-in-one-go
2040,Office - Call Centre,127.0,Off. Call Cen. (GIA),kWh/m²GIA/yr,retrofit-in-one-go
2050,Office - Call Centre,127.0,Off. Call Cen. (GIA),kWh/m²GIA/yr,retrofit-in-one-go
2025,Office - Call Centre,239.0,Call Cen. (NIA),kWh/m²NIA/yr,retrofit-in-one-go
2026,Office - Call Centre,234.0,Call Cen. (NIA),kWh/m²NIA/yr,retrofit-in-one-go
2027,Office - Call Centre,229.0,Call Cen. (NIA),kWh/m²NIA/yr,retrofit-in-one-go
2028,Office - Call Centre,224.0,Call Cen. (NIA),kWh/m²NIA/yr,retrofit-in-one-go
2029,Office - Call Centre,218.0,Call Cen. (NIA),kWh/m²NIA/yr,retrofit-in-one-go
2030,Office - Call Centre,213.0,Call Cen. (NIA),kWh/m²NIA/yr,retrofit-in-one-go
2031,Office - Call Centre,208.0,Call Cen. (NIA),kWh/m²NIA/yr,retrofit-in-one-go
2032,Office - Call Centre,203.0,Call Cen. (NIA),kWh/m²NIA/yr,retrofit-in-one-go
2033,Office - Call Centre,197.0,Call Cen. (NIA),kWh/m²NIA/yr,retrofit-in-one-go
2034,Office - Call Centre,192.0,Call Cen. (NIA),kWh/m²NIA/yr,retrofit-in-one-go
2035,Office - Call Centre,187.0,Call Cen. (NIA),kWh/m²NIA/yr,retrofit-in-one-go
2036,Office - Call Centre,182.0,Call Cen. (NIA),kWh/m²NIA/yr,retrofit-in-one-go
2037,Office - Call Centre,175.0,Call Cen. (NIA),kWh/m²NIA/yr,retrofit-in-one-go
2038,Office - Call Centre,170.0,Call Cen. (NIA),kWh/m²NIA/yr,retrofit-in-one-go
2039,Office - Call Centre,165.0,Call Cen. (NIA),kWh/m²NIA/yr,retrofit-in-one-go
2040,Office - Call Centre,159.0,Call Cen. (NIA),kWh/m²NIA/yr,retrofit-in-one-go
2050,Office - Call Centre,159.0,Call Cen. (NIA),kWh/m²NIA/yr,retrofit-in-one-go
2025,Office - Trading Floors,220.0,Off. Tr. Fl. (GIA),kWh/m²GIA/yr,retrofit-in-one-go
2026,Office - Trading Floors,216.0,Off. Tr. Fl. (GIA),kWh/m²GIA/yr,retrofit-in-one-go
2027,Office - Trading Floors,211.0,Off. Tr. Fl. (GIA),kWh/m²GIA/yr,retrofit-in-one-go
2028,Office - Trading Floors,206.0,Off. Tr. Fl. (GIA),kWh/m²GIA/yr,retrofit-in-one-go
2029,Office - Trading Floors,201.0,Off. Tr. Fl. (GIA),kWh/m²GIA/yr,retrofit-in-one-go
2030,Office - Trading Floors,196.0,Off. Tr. Fl. (GIA),kWh/m²GIA/yr,retrofit-in-one-go
2031,Office - Trading Floors,191.0,Off. Tr. Fl. (GIA),kWh/m²GIA/yr,retrofit-in-one-go
2032,Office - Trading Floors,186.0,Off. Tr. Fl. (GIA),kWh/m²GIA/yr,retrofit-in-one-go
2033,Office - Trading Floors,182.0,Off. Tr. Fl. (GIA),kWh/m²GIA/yr,retrofit-in-one-go
2034,Office - Trading Floors,177.0,Off. Tr. Fl. (GIA),kWh/m²GIA/yr,retrofit-in-one-go
2035,Office - Trading Floors,172.0,Off. Tr. Fl. (GIA),kWh/m²GIA/yr,retrofit-in-one-go
2036,Office - Trading Floors,167.0,Off. Tr. Fl. (GIA),kWh/m²GIA/yr,retrofit-in-one-go
2037,Office - Trading Floors,162.0,Off. Tr. Fl. (GIA),kWh/m²GIA/yr,retrofit-in-one-go
2038,Office - Trading Floors,157.0,Off. Tr. Fl. (GIA),kWh/m²GIA/yr,retrofit-in-one-go
2039,Office - Trading Floors,152.0,Off. Tr. Fl. (GIA),kWh/m²GIA/yr,retrofit-in-one-go
2040,Office - Trading Floors,147.0,Off. Tr. Fl. (GIA),kWh/m²GIA/yr,retrofit-in-one-go
2050,Office - Trading Floors,147.0,Off. Tr. Fl. (GIA),kWh/m²GIA/yr,retrofit-in-one-go
2025,Office - Trading Floors,275.0,Off. Tr. Fl. (NIA),kWh/m²NIA/yr,retrofit-in-one-go
2026,Office - Trading Floors,270.0,Off. Tr. Fl. (NIA),kWh/m²NIA/yr,retrofit-in-one-go
2027,Office - Trading Floors,264.0,Off. Tr. Fl. (NIA),kWh/m²NIA/yr,retrofit-in-one-go
2028,Office - Trading Floors,258.0,Off. Tr. Fl. (NIA),kWh/m²NIA/yr,retrofit-in-one-go
2029,Office - Trading Floors,252.0,Off. Tr. Fl. (NIA),kWh/m²NIA/yr,retrofit-in-one-go
2030,Office - Trading Floors,245.0,Off. Tr. Fl. (NIA),kWh/m²NIA/yr,retrofit-in-one-go
2031,Office - Trading Floors,239.0,Off. Tr. Fl. (NIA),kWh/m²NIA/yr,retrofit-in-one-go
2032,Office - Trading Floors,233.0,Off. Tr. Fl. (NIA),kWh/m²NIA/yr,retrofit-in-one-go
2033,Office - Trading Floors,228.0,Off. Tr. Fl. (NIA),kWh/m²NIA/yr,retrofit-in-one-go
2034,Office - Trading Floors,222.0,Off. Tr. Fl. (NIA),kWh/m²NIA/yr,retrofit-in-one-go
2035,Office - Trading Floors,215.0,Off. Tr. Fl. (NIA),kWh/m²NIA/yr,retrofit-in-one-go
2036,Office - Trading Floors,209.0,Off. Tr. Fl. (NIA),kWh/m²NIA/yr,retrofit-in-one-go
2037,Office - Trading Floors,203.0,Off. Tr. Fl. (NIA),kWh/m²NIA/yr,retrofit-in-one-go
2038,Office - Trading Floors,197.0,Off. Tr. Fl. (NIA),kWh/m²NIA/yr,retrofit-in-one-go
2039,Office - Trading Floors,190.0,Off. Tr. Fl. (NIA),kWh/m²NIA/yr,retrofit-in-one-go
2040,Office - Trading Floors,184.0,Off. Tr. Fl. (NIA),kWh/m²NIA/yr,retrofit-in-one-go
2050,Office - Trading Floors,184.0,Off. Tr. Fl. (NIA),kWh/m²NIA/yr,retrofit-in-one-go
2025,Retail - Supermarket,230.0,Retail Super M.,kWh/m²GIA/yr,retrofit-in-one-go
2026,Retail - Supermarket,224.0,Retail Super M.,kWh/m²GIA/yr,retrofit-in-one-go
2027,Retail - Supermarket,217.0,Retail Super M.,kWh/m²GIA/yr,retrofit-in-one-go
2028,Retail - Supermarket,210.0,Retail Super M.,kWh/m²GIA/yr,retrofit-in-one-go
2029,Retail - Supermarket,204.0,Retail Super M.,kWh/m²GIA/yr,retrofit-in-one-go
2030,Retail - Supermarket,197.0,Retail Super M.,kWh/m²GIA/yr,retrofit-in-one-go
2031,Retail - Supermarket,190.0,Retail Super M.,kWh/m²GIA/yr,retrofit-in-one-go
2032,Retail - Supermarket,184.0,Retail Super M.,kWh/m²GIA/yr,retrofit-in-one-go
2033,Retail - Supermarket,177.0,Retail Super M.,kWh/m²GIA/yr,retrofit-in-one-go
2034,Retail - Supermarket,170.0,Retail Super M.,kWh/m²GIA/yr,retrofit-in-one-go
2035,Retail - Supermarket,164.0,Retail Super M.,kWh/m²GIA/yr,retrofit-in-one-go
2036,Retail - Supermarket,157.0,Retail Super M.,kWh/m²GIA/yr,retrofit-in-one-go
2037,Retail - Supermarket,150.0,Retail Super M.,kWh/m²GIA/yr,retrofit-in-one-go
2038,Retail - Supermarket,144.0,Retail Super M.,kWh/m²GIA/yr,retrofit-in-one-go
2039,Retail - Supermarket,137.0,Retail Super M.,kWh/m²GIA/yr,retrofit-in-one-go
2040,Retail - Supermarket,130.0,Retail Super M.,kWh/m²GIA/yr,retrofit-in-one-go
2050,Retail - Supermarket,130.0,Retail Super M.,kWh/m²GIA/yr,retrofit-in-one-go
2025,Retail - High street retail e.g. dept. store,90.0,Retail Hi. St.,kWh/m²GIA/yr,retrofit-in-one-go
2026,Retail - High street retail e.g. dept. store,87.0,Retail Hi. St.,kWh/m²GIA/yr,retrofit-in-one-go
2027,Retail - High street retail e.g. dept. store,84.0,Retail Hi. St.,kWh/m²GIA/yr,retrofit-in-one-go
2028,Retail - High street retail e.g. dept. store,81.0,Retail Hi. St.,kWh/m²GIA/yr,retrofit-in-one-go
2029,Retail - High street retail e.g. dept. store,78.0,Retail Hi. St.,kWh/m²GIA/yr,retrofit-in-one-go
2030,Retail - High street retail e.g. dept. store,75.0,Retail Hi. St.,kWh/m²GIA/yr,retrofit-in-one-go
2031,Retail - High street retail e.g. dept. store,72.0,Retail Hi. St.,kWh/m²GIA/yr,retrofit-in-one-go
2032,Retail - High street retail e.g. dept. store,69.0,Retail Hi. St.,kWh/m²GIA/yr,retrofit-in-one-go
2033,Retail - High street retail e.g. dept. store,66.0,Retail Hi. St.,kWh/m²GIA/yr,retrofit-in-one-go
2034,Retail - High street retail e.g. dept. store,63.0,Retail Hi. St.,kWh/m²GIA/yr,retrofit-in-one-go
2035,Retail - High street retail e.g. dept. store,60.0,Retail Hi. St.,kWh/m²GIA/yr,retrofit-in-one-go
2036,Retail - High street retail e.g. dept. store,57.0,Retail Hi. St.,kWh/m²GIA/yr,retrofit-in-one-go
2037,Retail - High street retail e.g. dept. store,54.0,Retail Hi. St.,kWh/m²GIA/yr,retrofit-in-one-go
2038,Retail - High street retail e.g. dept. store,51.0,Retail Hi. St.,kWh/m²GIA/yr,retrofit-in-one-go
2039,Retail - High street retail e.g. dept. store,48.0,Retail Hi. St.,kWh/m²GIA/yr,retrofit-in-one-go
2040,Retail - High street retail e.g. dept. store,45.0,Retail Hi. St.,kWh/m²GIA/yr,retrofit-in-one-go
2050,Retail - High street retail e.g. dept. store,45.0,Retail Hi. St.,kWh/m²GIA/yr,retrofit-in-one-go
2025,Retail - F&B without catering (a),250.0,Retail FB w/o Cater.,kWh/m²GIA/yr,retrofit-in-one-go
2026,Retail - F&B without catering (a),243.0,Retail FB w/o Cater.,kWh/m²GIA/yr,retrofit-in-one-go
2027,Retail - F&B without catering (a),236.0,Retail FB w/o Cater.,kWh/m²GIA/yr,retrofit-in-one-go
2028,Retail - F&B without catering (a),228.0,Retail FB w/o Cater.,kWh/m²GIA/yr,retrofit-in-one-go
2029,Retail - F&B without catering (a),221.0,Retail FB w/o Cater.,kWh/m²GIA/yr,retrofit-in-one-go
2030,Retail - F&B without catering (a),214.0,Retail FB w/o Cater.,kWh/m²GIA/yr,retrofit-in-one-go
2031,Retail - F&B without catering (a),206.0,Retail FB w/o Cater.,kWh/m²GIA/yr,retrofit-in-one-go
2032,Retail - F&B without catering (a),199.0,Retail FB w/o Cater.,kWh/m²GIA/yr,retrofit-in-one-go
2033,Retail - F&B without catering (a),192.0,Retail FB w/o Cater.,kWh/m²GIA/yr,retrofit-in-one-go
2034,Retail - F&B without catering (a),184.0,Retail FB w/o Cater.,kWh/m²GIA/yr,retrofit-in-one-go
2035,Retail - F&B without catering (a),177.0,Retail FB w/o Cater.,kWh/m²GIA/yr,retrofit-in-one-go
2036,Retail - F&B without catering (a),170.0,Retail FB w/o Cater.,kWh/m²GIA/yr,retrofit-in-one-go
2037,Retail - F&B without catering (a),162.0,Retail FB w/o Cater.,kWh/m²GIA/yr,retrofit-in-one-go
2038,Retail - F&B without catering (a),155.0,Retail FB w/o Cater.,kWh/m²GIA/yr,retrofit-in-one-go
2039,Retail - F&B without catering (a),148.0,Retail FB w/o Cater.,kWh/m²GIA/yr,retrofit-in-one-go
2040,Retail - F&B without catering (a),140.0,Retail FB w/o Cater.,kWh/m²GIA/yr,retrofit-in-one-go
2050,Retail - F&B without catering (a),140.0,Retail FB w/o Cater.,kWh/m²GIA/yr,retrofit-in-one-go
2025,Retail - F&B with catering (b),450.0,Retail FB inc. Cater.,kWh/m²GIA/yr,retrofit-in-one-go
2026,Retail - F&B with catering (b),438.0,Retail FB inc. Cater.,kWh/m²GIA/yr,retrofit-in-one-go
2027,Retail - F&B with catering (b),425.0,Retail FB inc. Cater.,kWh/m²GIA/yr,retrofit-in-one-go
2028,Retail - F&B with catering (b),412.0,Retail FB inc. Cater.,kWh/m²GIA/yr,retrofit-in-one-go
2029,Retail - F&B with catering (b),400.0,Retail FB inc. Cater.,kWh/m²GIA/yr,retrofit-in-one-go
2030,Retail - F&B with catering (b),387.0,Retail FB inc. Cater.,kWh/m²GIA/yr,retrofit-in-one-go
2031,Retail - F&B with catering (b),374.0,Retail FB inc. Cater.,kWh/m²GIA/yr,retrofit-in-one-go
2032,Retail - F&B with catering (b),362.0,Retail FB inc. Cater.,kWh/m²GIA/yr,retrofit-in-one-go
2033,Retail - F&B with catering (b),349.0,Retail FB inc. Cater.,kWh/m²GIA/yr,retrofit-in-one-go
2034,Retail - F&B with catering (b),336.0,Retail FB inc. Cater.,kWh/m²GIA/yr,retrofit-in-one-go
2035,Retail - F&B with catering (b),324.0,Retail FB inc. Cater.,kWh/m²GIA/yr,retrofit-in-one-go
2036,Retail - F&B with catering (b),311.0,Retail FB inc. Cater.,kWh/m²GIA/yr,retrofit-in-one-go
2037,Retail - F&B with catering (b),298.0,Retail FB inc. Cater.,kWh/m²GIA/yr,retrofit-in-one-go
2038,Retail - F&B with catering (b),286.0,Retail FB inc. Cater.,kWh/m²GIA/yr,retrofit-in-one-go
2039,Retail - F&B with catering (b),273.0,Retail FB inc. Cater.,kWh/m²GIA/yr,retrofit-in-one-go
2040,Retail - F&B with catering (b),260.0,Retail FB inc. Cater.,kWh/m²GIA/yr,retrofit-in-one-go
2050,Retail - F&B with catering (b),260.0,Retail FB inc. Cater.,kWh/m²GIA/yr,retrofit-in-one-go
2025,Retail - Landlord areas (c),80.0,Retail LL.,kWh/m²GIA/yr,retrofit-in-one-go
2026,Retail - Landlord areas (c),79.0,Retail LL.,kWh/m²GIA/yr,retrofit-in-one-go
2027,Retail - Landlord areas (c),77.0,Retail LL.,kWh/m²GIA/yr,retrofit-in-one-go
2028,Retail - Landlord areas (c),75.0,Retail LL.,kWh/m²GIA/yr,retrofit-in-one-go
2029,Retail - Landlord areas (c),74.0,Retail LL.,kWh/m²GIA/yr,retrofit-in-one-go
2030,Retail - Landlord areas (c),72.0,Retail LL.,kWh/m²GIA/yr,retrofit-in-one-go
2031,Retail - Landlord areas (c),70.0,Retail LL.,kWh/m²GIA/yr,retrofit-in-one-go
2032,Retail - Landlord areas (c),69.0,Retail LL.,kWh/m²GIA/yr,retrofit-in-one-go
2033,Retail - Landlord areas (c),67.0,Retail LL.,kWh/m²GIA/yr,retrofit-in-one-go
2034,Retail - Landlord areas (c),65.0,Retail LL.,kWh/m²GIA/yr,retrofit-in-one-go
2035,Retail - Landlord areas (c),64.0,Retail LL.,kWh/m²GIA/yr,retrofit-in-one-go
2036,Retail - Landlord areas (c),62.0,Retail LL.,kWh/m²GIA/yr,retrofit-in-one-go
2037,Retail - Landlord areas (c),60.0,Retail LL.,kWh/m²GIA/yr,retrofit-in-one-go
2038,Retail - Landlord areas (c),59.0,Retail LL.,kWh/m²GIA/yr,retrofit-in-one-go
2039,Retail - Landlord areas (c),57.0,Retail LL.,kWh/m²GIA/yr,retrofit-in-one-go
2040,Retail - Landlord areas (c),55.0,Retail LL.,kWh/m²GIA/yr,retrofit-in-one-go
2050,Retail - Landlord areas (c),55.0,Retail LL.,kWh/m²GIA/yr,retrofit-in-one-go
2025,Retail - warehouse,100.0,Retail W.H,kWh/m²GIA/yr,retrofit-in-one-go
2026,Retail - warehouse,97.0,Retail W.H,kWh/m²GIA/yr,retrofit-in-one-go
2027,Retail - warehouse,94.0,Retail W.H,kWh/m²GIA/yr,retrofit-in-one-go
2028,Retail - warehouse,90.0,Retail W.H,kWh/m²GIA/yr,retrofit-in-one-go
2029,Retail - warehouse,87.0,Retail W.H,kWh/m²GIA/yr,retrofit-in-one-go
2030,Retail - warehouse,84.0,Retail W.H,kWh/m²GIA/yr,retrofit-in-one-go
2031,Retail - warehouse,80.0,Retail W.H,kWh/m²GIA/yr,retrofit-in-one-go
2032,Retail - warehouse,77.0,Retail W.H,kWh/m²GIA/yr,retrofit-in-one-go
2033,Retail - warehouse,74.0,Retail W.H,kWh/m²GIA/yr,retrofit-in-one-go
2034,Retail - warehouse,70.0,Retail W.H,kWh/m²GIA/yr,retrofit-in-one-go
2035,Retail - warehouse,67.0,Retail W.H,kWh/m²GIA/yr,retrofit-in-one-go
2036,Retail - warehouse,64.0,Retail W.H,kWh/m²GIA/yr,retrofit-in-one-go
2037,Retail - warehouse,60.0,Retail W.H,kWh/m²GIA/yr,retrofit-in-one-go
2038,Retail - warehouse,57.0,Retail W.H,kWh/m²GIA/yr,retrofit-in-one-go
2039,Retail - warehouse,54.0,Retail W.H,kWh/m²GIA/yr,retrofit-in-one-go
2040,Retail - warehouse,50.0,Retail W.H,kWh/m²GIA/yr,retrofit-in-one-go
2050,Retail - warehouse,50.0,Retail W.H,kWh/m²GIA/yr,retrofit-in-one-go
2025,School - Early years,90.0,School E.Y.,kWh/m²GIA/yr,retrofit-in-one-go
2026,School - Early years,89.0,School E.Y.,kWh/m²GIA/yr,retrofit-in-one-go
2027,School - Early years,88.0,School E.Y.,kWh/m²GIA/yr,retrofit-in-one-go
2028,School - Early years,86.0,School E.Y.,kWh/m²GIA/yr,retrofit-in-one-go
2029,School - Early years,85.0,School E.Y.,kWh/m²GIA/yr,retrofit-in-one-go
2030,School - Early years,84.0,School E.Y.,kWh/m²GIA/yr,retrofit-in-one-go
2031,School - Early years,82.0,School E.Y.,kWh/m²GIA/yr,retrofit-in-one-go
2032,School - Early years,81.0,School E.Y.,kWh/m²GIA/yr,retrofit-in-one-go
2033,School - Early years,80.0,School E.Y.,kWh/m²GIA/yr,retrofit-in-one-go
2034,School - Early years,78.0,School E.Y.,kWh/m²GIA/yr,retrofit-in-one-go
2035,School - Early years,77.0,School E.Y.,kWh/m²GIA/yr,retrofit-in-one-go
2036,School - Early years,76.0,School E.Y.,kWh/m²GIA/yr,retrofit-in-one-go
2037,School - Early years,74.0,School E.Y.,kWh/m²GIA/yr,retrofit-in-one-go
2038,School - Early years,73.0,School E.Y.,kWh/m²GIA/yr,retrofit-in-one-go
2039,School - Early years,72.0,School E.Y.,kWh/m²GIA/yr,retrofit-in-one-go
2040,School - Early years,70.0,School E.Y.,kWh/m²GIA/yr,retrofit-in-one-go
2050,School - Early years,70.0,School E.Y.,kWh/m²GIA/yr,retrofit-in-one-go
2025,School - Primary,85.0,School Pri.,kWh/m²GIA/yr,retrofit-in-one-go
2026,School - Primary,84.0,School Pri.,kWh/m²GIA/yr,retrofit-in-one-go
2027,School - Primary,83.0,School Pri.,kWh/m²GIA/yr,retrofit-in-one-go
2028,School - Primary,81.0,School Pri.,kWh/m²GIA/yr,retrofit-in-one-go
2029,School - Primary,80.0,School Pri.,kWh/m²GIA/yr,retrofit-in-one-go
2030,School - Primary,79.0,School Pri.,kWh/m²GIA/yr,retrofit-in-one-go
2031,School - Primary,77.0,School Pri.,kWh/m²GIA/yr,retrofit-in-one-go
2032,School - Primary,76.0,School Pri.,kWh/m²GIA/yr,retrofit-in-one-go
2033,School - Primary,75.0,School Pri.,kWh/m²GIA/yr,retrofit-in-one-go
2034,School - Primary,73.0,School Pri.,kWh/m²GIA/yr,retrofit-in-one-go
2035,School - Primary,72.0,School Pri.,kWh/m²GIA/yr,retrofit-in-one-go
2036,School - Primary,71.0,School Pri.,kWh/m²GIA/yr,retrofit-in-one-go
2037,School - Primary,69.0,School Pri.,kWh/m²GIA/yr,retrofit-in-one-go
2038,School - Primary,68.0,School Pri.,kWh/m²GIA/yr,retrofit-in-one-go
2039,School - Primary,67.0,School Pri.,kWh/m²GIA/yr,retrofit-in-one-go
2040,School - Primary,65.0,School Pri.,kWh/m²GIA/yr,retrofit-in-one-go
2050,School - Primary,65.0,School Pri.,kWh/m²GIA/yr,retrofit-in-one-go
2025,School - Secondary or SEN,95.0,School Sec.,kWh/m²GIA/yr,retrofit-in-one-go
2026,School - Secondary or SEN,94.0,School Sec.,kWh/m²GIA/yr,retrofit-in-one-go
2027,School - Secondary or SEN,92.0,School Sec.,kWh/m²GIA/yr,retrofit-in-one-go
2028,School - Secondary or SEN,90.0,School Sec.,kWh/m²GIA/yr,retrofit-in-one-go
2029,School - Secondary or SEN,89.0,School Sec.,kWh/m²GIA/yr,retrofit-in-one-go
2030,School - Secondary or SEN,87.0,School Sec.,kWh/m²GIA/yr,retrofit-in-one-go
2031,School - Secondary or SEN,85.0,School Sec.,kWh/m²GIA/yr,retrofit-in-one-go
2032,School - Secondary or SEN,84.0,School Sec.,kWh/m²GIA/yr,retrofit-in-one-go
2033,School - Secondary or SEN,82.0,School Sec.,kWh/m²GIA/yr,retrofit-in-one-go
2034,School - Secondary or SEN,80.0,School Sec.,kWh/m²GIA/yr,retrofit-in-one-go
2035,School - Secondary or SEN,79.0,School Sec.,kWh/m²GIA/yr,retrofit-in-one-go
2036,School - Secondary or SEN,77.0,School Sec.,kWh/m²GIA/yr,retrofit-in-one-go
2037,School - Secondary or SEN,75.0,School Sec.,kWh/m²GIA/yr,retrofit-in-one-go
2038,School - Secondary or SEN,74.0,School Sec.,kWh/m²GIA/yr,retrofit-in-one-go
2039,School - Secondary or SEN,72.0,School Sec.,kWh/m²GIA/yr,retrofit-in-one-go
2040,School - Secondary or SEN,70.0,School Sec.,kWh/m²GIA/yr,retrofit-in-one-go
2050,School - Secondary or SEN,70.0,School Sec.,kWh/m²GIA/yr,retrofit-in-one-go
2025,Science and Technology,360.0,Sci. &Tech.,kWh/m²GIA/yr,retrofit-in-one-go
2026,Science and Technology,351.0,Sci. &Tech.,kWh/m²GIA/yr,retrofit-in-one-go
2027,Science and Technology,341.0,Sci. &Tech.,kWh/m²GIA/yr,retrofit-in-one-go
2028,Science and Technology,331.0,Sci. &Tech.,kWh/m²GIA/yr,retrofit-in-one-go
2029,Science and Technology,322.0,Sci. &Tech.,kWh/m²GIA/yr,retrofit-in-one-go
2030,Science and Technology,312.0,Sci. &Tech.,kWh/m²GIA/yr,retrofit-in-one-go
2031,Science and Technology,302.0,Sci. &Tech.,kWh/m²GIA/yr,retrofit-in-one-go
2032,Science and Technology,293.0,Sci. &Tech.,kWh/m²GIA/yr,retrofit-in-one-go
2033,Science and Technology,283.0,Sci. &Tech.,kWh/m²GIA/yr,retrofit-in-one-go
2034,Science and Technology,273.0,Sci. &Tech.,kWh/m²GIA/yr,retrofit-in-one-go
2035,Science and Technology,264.0,Sci. &Tech.,kWh/m²GIA/yr,retrofit-in-one-go
2036,Science and Technology,254.0,Sci. &Tech.,kWh/m²GIA/yr,retrofit-in-one-go
2037,Science and Technology,244.0,Sci. &Tech.,kWh/m²GIA/yr,retrofit-in-one-go
2038,Science and Technology,235.0,Sci. &Tech.,kWh/m²GIA/yr,retrofit-in-one-go
2039,Science and Technology,225.0,Sci. &Tech.,kWh/m²GIA/yr,retrofit-in-one-go
2040,Science and Technology,215.0,Sci. &Tech.,kWh/m²GIA/yr,retrofit-in-one-go
2050,Science and Technology,215.0,Sci. &Tech.,kWh/m²GIA/yr,retrofit-in-one-go
2025,Sport & Leisure - Dry,210.0,Sport &L Dry,kWh/m²GIA/yr,retrofit-in-one-go
2026,Sport & Leisure - Dry,206.0,Sport &L Dry,kWh/m²GIA/yr,retrofit-in-one-go
2027,Sport & Leisure - Dry,202.0,Sport &L Dry,kWh/m²GIA/yr,retrofit-in-one-go
2028,Sport & Leisure - Dry,198.0,Sport &L Dry,kWh/m²GIA/yr,retrofit-in-one-go
2029,Sport & Leisure - Dry,194.0,Sport &L Dry,kWh/m²GIA/yr,retrofit-in-one-go
2030,Sport & Leisure - Dry,190.0,Sport &L Dry,kWh/m²GIA/yr,retrofit-in-one-go
2031,Sport & Leisure - Dry,186.0,Sport &L Dry,kWh/m²GIA/yr,retrofit-in-one-go
2032,Sport & Leisure - Dry,182.0,Sport &L Dry,kWh/m²GIA/yr,retrofit-in-one-go
2033,Sport & Leisure - Dry,178.0,Sport &L Dry,kWh/m²GIA/yr,retrofit-in-one-go
2034,Sport & Leisure - Dry,174.0,Sport &L Dry,kWh/m²GIA/yr,retrofit-in-one-go
2035,Sport & Leisure - Dry,170.0,Sport &L Dry,kWh/m²GIA/yr,retrofit-in-one-go
2036,Sport & Leisure - Dry,166.0,Sport &L Dry,kWh/m²GIA/yr,retrofit-in-one-go
2037,Sport & Leisure - Dry,162.0,Sport &L Dry,kWh/m²GIA/yr,retrofit-in-one-go
2038,Sport & Leisure - Dry,158.0,Sport &L Dry,kWh/m²GIA/yr,retrofit-in-one-go
2039,Sport & Leisure - Dry,154.0,Sport &L Dry,kWh/m²GIA/yr,retrofit-in-one-go
2040,Sport & Leisure - Dry,150.0,Sport &L Dry,kWh/m²GIA/yr,retrofit-in-one-go
2050,Sport & Leisure - Dry,150.0,Sport &L Dry,kWh/m²GIA/yr,retrofit-in-one-go
2025,Sport & Leisure - Wet,500.0,Sport &L Wet,kWh/m²GIA/yr,retrofit-in-one-go
2026,Sport & Leisure - Wet,490.0,Sport &L Wet,kWh/m²GIA/yr,retrofit-in-one-go
2027,Sport & Leisure - Wet,480.0,Sport &L Wet,kWh/m²GIA/yr,retrofit-in-one-go
2028,Sport & Leisure - Wet,470.0,Sport &L Wet,kWh/m²GIA/yr,retrofit-in-one-go
2029,Sport & Leisure - Wet,460.0,Sport &L Wet,kWh/m²GIA/yr,retrofit-in-one-go
2030,Sport & Leisure - Wet,450.0,Sport &L Wet,kWh/m²GIA/yr,retrofit-in-one-go
2031,Sport & Leisure - Wet,440.0,Sport &L Wet,kWh/m²GIA/yr,retrofit-in-one-go
2032,Sport & Leisure - Wet,430.0,Sport &L Wet,kWh/m²GIA/yr,retrofit-in-one-go
2033,Sport & Leisure - Wet,420.0,Sport &L Wet,kWh/m²GIA/yr,retrofit-in-one-go
2034,Sport & Leisure - Wet,410.0,Sport &L Wet,kWh/m²GIA/yr,retrofit-in-one-go
2035,Sport & Leisure - Wet,400.0,Sport &L Wet,kWh/m²GIA/yr,retrofit-in-one-go
2036,Sport & Leisure - Wet,390.0,Sport &L Wet,kWh/m²GIA/yr,retrofit-in-one-go
2037,Sport & Leisure - Wet,380.0,Sport &L Wet,kWh/m²GIA/yr,retrofit-in-one-go
2038,Sport & Leisure - Wet,370.0,Sport &L Wet,kWh/m²GIA/yr,retrofit-in-one-go
2039,Sport & Leisure - Wet,360.0,Sport &L Wet,kWh/m²GIA/yr,retrofit-in-one-go
2040,Sport & Leisure - Wet,350.0,Sport &L Wet,kWh/m²GIA/yr,retrofit-in-one-go
2050,Sport & Leisure - Wet,350.0,Sport &L Wet,kWh/m²GIA/yr,retrofit-in-one-go
2025,Sport & Leisure - Fitness,280.0,Sport &L Fit.,kWh/m²GIA/yr,retrofit-in-one-go
2026,Sport & Leisure - Fitness,275.0,Sport &L Fit.,kWh/m²GIA/yr,retrofit-in-one-go
2027,Sport & Leisure - Fitness,270.0,Sport &L Fit.,kWh/m²GIA/yr,retrofit-in-one-go
2028,Sport & Leisure - Fitness,264.0,Sport &L Fit.,kWh/m²GIA/yr,retrofit-in-one-go
2029,Sport & Leisure - Fitness,259.0,Sport &L Fit.,kWh/m²GIA/yr,retrofit-in-one-go
2030,Sport & Leisure - Fitness,254.0,Sport &L Fit.,kWh/m²GIA/yr,retrofit-in-one-go
2031,Sport & Leisure - Fitness,248.0,Sport &L Fit.,kWh/m²GIA/yr,retrofit-in-one-go
2032,Sport & Leisure - Fitness,243.0,Sport &L Fit.,kWh/m²GIA/yr,retrofit-in-one-go
2033,Sport & Leisure - Fitness,238.0,Sport &L Fit.,kWh/m²GIA/yr,retrofit-in-one-go
2034,Sport & Leisure - Fitness,232.0,Sport &L Fit.,kWh/m²GIA/yr,retrofit-in-one-go
2035,Sport & Leisure - Fitness,227.0,Sport &L Fit.,kWh/m²GIA/yr,retrofit-in-one-go
2036,Sport & Leisure - Fitness,222.0,Sport &L Fit.,kWh/m²GIA/yr,retrofit-in-one-go
2037,Sport & Leisure - Fitness,216.0,Sport &L Fit.,kWh/m²GIA/yr,retrofit-in-one-go
2038,Sport & Leisure - Fitness,211.0,Sport &L Fit.,kWh/m²GIA/yr,retrofit-in-one-go
2039,Sport & Leisure - Fitness,206.0,Sport &L Fit.,kWh/m²GIA/yr,retrofit-in-one-go
2040,Sport & Leisure - Fitness,200.0,Sport &L Fit.,kWh/m²GIA/yr,retrofit-in-one-go
2050,Sport & Leisure - Fitness,200.0,Sport &L Fit.,kWh/m²GIA/yr,retrofit-in-one-go
2025,Storage & Distribution - Unconditioned,35.0,Store & Dist Uncond.,kWh/m²GIA/yr,retrofit-in-one-go
2026,Storage & Distribution - Unconditioned,34.0,Store & Dist Uncond.,kWh/m²GIA/yr,retrofit-in-one-go
2027,Storage & Distribution - Unconditioned,33.0,Store & Dist Uncond.,kWh/m²GIA/yr,retrofit-in-one-go
2028,Storage & Distribution - Unconditioned,32.0,Store & Dist Uncond.,kWh/m²GIA/yr,retrofit-in-one-go
2029,Storage & Distribution - Unconditioned,31.0,Store & Dist Uncond.,kWh/m²GIA/yr,retrofit-in-one-go
2030,Storage & Distribution - Unconditioned,30.0,Store & Dist Uncond.,kWh/m²GIA/yr,retrofit-in-one-go
2031,Storage & Distribution - Unconditioned,29.0,Store & Dist Uncond.,kWh/m²GIA/yr,retrofit-in-one-go
2032,Storage & Distribution - Unconditioned,28.0,Store & Dist Uncond.,kWh/m²GIA/yr,retrofit-in-one-go
2033,Storage & Distribution - Unconditioned,27.0,Store & Dist Uncond.,kWh/m²GIA/yr,retrofit-in-one-go
2034,Storage & Distribution - Unconditioned,26.0,Store & Dist Uncond.,kWh/m²GIA/yr,retrofit-in-one-go
2035,Storage & Distribution - Unconditioned,25.0,Store & Dist Uncond.,kWh/m²GIA/yr,retrofit-in-one-go
2036,Storage & Distribution - Unconditioned,24.0,Store & Dist Uncond.,kWh/m²GIA/yr,retrofit-in-one-go
2037,Storage & Distribution - Unconditioned,23.0,Store & Dist Uncond.,kWh/m²GIA/yr,retrofit-in-one-go
2038,Storage & Distribution - Unconditioned,22.0,Store & Dist Uncond.,kWh/m²GIA/yr,retrofit-in-one-go
2039,Storage & Distribution - Unconditioned,21.0,Store & Dist Uncond.,kWh/m²GIA/yr,retrofit-in-one-go
2040,Storage & Distribution - Unconditioned,20.0,Store & Dist Uncond.,kWh/m²GIA/yr,retrofit-in-one-go
2050,Storage & Distribution - Unconditioned,20.0,Store & Dist Uncond.,kWh/m²GIA/yr,retrofit-in-one-go
2025,Storage & Distribution - Conditioned,100.0,Store & Dist Cond.,kWh/m²GIA/yr,retrofit-in-one-go
2026,Storage & Distribution - Conditioned,97.0,Store & Dist Cond.,kWh/m²GIA/yr,retrofit-in-one-go
2027,Storage & Distribution - Conditioned,94.0,Store & Dist Cond.,kWh/m²GIA/yr,retrofit-in-one-go
2028,Storage & Distribution - Conditioned,90.0,Store & Dist Cond.,kWh/m²GIA/yr,retrofit-in-one-go
2029,Storage & Distribution - Conditioned,87.0,Store & Dist Cond.,kWh/m²GIA/yr,retrofit-in-one-go
2030,Storage & Distribution - Conditioned,84.0,Store & Dist Cond.,kWh/m²GIA/yr,retrofit-in-one-go
2031,Storage & Distribution - Conditioned,80.0,Store & Dist Cond.,kWh/m²GIA/yr,retrofit-in-one-go
2032,Storage & Distribution - Conditioned,77.0,Store & Dist Cond.,kWh/m²GIA/yr,retrofit-in-one-go
2033,Storage & Distribution - Conditioned,74.0,Store & Dist Cond.,kWh/m²GIA/yr,retrofit-in-one-go
2034,Storage & Distribution - Conditioned,70.0,Store & Dist Cond.,kWh/m²GIA/yr,retrofit-in-one-go
2035,Storage & Distribution - Conditioned,67.0,Store & Dist Cond.,kWh/m²GIA/yr,retrofit-in-one-go
2036,Storage & Distribution - Conditioned,64.0,Store & Dist Cond.,kWh/m²GIA/yr,retrofit-in-one-go
2037,Storage & Distribution - Conditioned,60.0,Store & Dist Cond.,kWh/m²GIA/yr,retrofit-in-one-go
2038,Storage & Distribution - Conditioned,57.0,Store & Dist Cond.,kWh/m²GIA/yr,retrofit-in-one-go
2039,Storage & Distribution - Conditioned,54.0,Store & Dist Cond.,kWh/m²GIA/yr,retrofit-in-one-go
2040,Storage & Distribution - Conditioned,50.0,Store & Dist Cond.,kWh/m²GIA/yr,retrofit-in-one-go
2050,Storage & Distribution - Conditioned,50.0,Store & Dist Cond.,kWh/m²GIA/yr,retrofit-in-one-go
2025,Storage & Distribution - Cold Store,230.0,Store & Dist Cold,kWh/m²GIA/yr,retrofit-in-one-go
2026,Storage & Distribution - Cold Store,221.0,Store & Dist Cold,kWh/m²GIA/yr,retrofit-in-one-go
2027,Storage & Distribution - Cold Store,211.0,Store & Dist Cold,kWh/m²GIA/yr,retrofit-in-one-go
2028,Storage & Distribution - Cold Store,201.0,Store & Dist Cold,kWh/m²GIA/yr,retrofit-in-one-go
2029,Storage & Distribution - Cold Store,192.0,Store & Dist Cold,kWh/m²GIA/yr,retrofit-in-one-go
2030,Storage & Distribution - Cold Store,182.0,Store & Dist Cold,kWh/m²GIA/yr,retrofit-in-one-go
2031,Storage & Distribution - Cold Store,172.0,Store & Dist Cold,kWh/m²GIA/yr,retrofit-in-one-go
2032,Storage & Distribution - Cold Store,163.0,Store & Dist Cold,kWh/m²GIA/yr,retrofit-in-one-go
2033,Storage & Distribution - Cold Store,153.0,Store & Dist Cold,kWh/m²GIA/yr,retrofit-in-one-go
2034,Storage & Distribution - Cold Store,143.0,Store & Dist Cold,kWh/m²GIA/yr,retrofit-in-one-go
2035,Storage & Distribution - Cold Store,134.0,Store & Dist Cold,kWh/m²GIA/yr,retrofit-in-one-go
2036,Storage & Distribution - Cold Store,124.0,Store & Dist Cold,kWh/m²GIA/yr,retrofit-in-one-go
2037,Storage & Distribution - Cold Store,114.0,Store & Dist Cold,kWh/m²GIA/yr,retrofit-in-one-go
2038,Storage & Distribution - Cold Store,105.0,Store & Dist Cold,kWh/m²GIA/yr,retrofit-in-one-go
2039,Storage & Distribution - Cold Store,95.0,Store & Dist Cold,kWh/m²GIA/yr,retrofit-in-one-go
2040,Storage & Distribution - Cold Store,85.0,Store & Dist Cold,kWh/m²GIA/yr,retrofit-in-one-go
2050,Storage & Distribution - Cold Store,85.0,Store & Dist Cold,kWh/m²GIA/yr,retrofit-in-one-go
